E,redet,imdet
-20.0,1.103365473509985e-7,0.0
-19.99,1.0699995784439357e-7,0.0
-19.98,1.0370900835480424e-7,0.0
-19.97,1.0046341006360854e-7,0.0
-19.96,9.726287463997844e-8,0.0
-19.95,9.410711424269224e-8,0.0
-19.94,9.09958415219562e-8,0.0
-19.93,8.792876962119174e-8,0.0
-19.92,8.490561217888219e-8,0.0
-19.91,8.192608333037024e-8,0.0
-19.9,7.898989770969318e-8,0.0
-19.89,7.609677045140236e-8,0.0
-19.88,7.324641719238104e-8,0.0
-19.87,7.043855407367701e-8,0.0
-19.86,6.767289774234323e-8,0.0
-19.85,6.494916535324777e-8,0.0
-19.84,6.226707457092378e-8,0.0
-19.83,5.96263435714033e-8,0.0
-19.82,5.7026691044051036e-8,0.0
-19.81,5.4467836193404584e-8,0.0
-19.8,5.1949498741021034e-8,0.0
-19.79,4.947139892731563e-8,0.0
-19.78,4.7033257513414675e-8,0.0
-19.77,4.463479578299535e-8,0.0
-19.76,4.227573554414326e-8,0.0
-19.75,3.995579913119974e-8,0.0
-19.74,3.7674709406622065e-8,0.0
-19.73,3.543218976283244e-8,0.0
-19.72,3.32279641240825e-8,0.0
-19.71,3.10617569483066e-8,0.0
-19.7,2.8933293228987184e-8,0.0
-19.69,2.6842298497026528e-8,0.0
-19.68,2.4788498822601523e-8,0.0
-19.67,2.2771620817032468e-8,0.0
-19.66,2.079139163465734e-8,0.0
-19.65,1.884753897470867e-8,0.0
-19.64,1.693979108316883e-8,0.0
-19.63,1.506787675466897e-8,0.0
-19.62,1.3231525334342921e-8,0.0
-19.61,1.1430466719725376e-8,0.0
-19.6,9.664431362621956e-9,0.0
-19.59,7.933150270994168e-9,0.0
-19.58,6.236355010843226e-9,0.0
-19.57,4.573777708103263e-9,0.0
-19.56,2.945151050516415e-9,0.0
-19.55,1.3502082895332727e-9,0.0
-19.54,-2.1131675779813565e-10,0.0
-19.53,-1.7396897069442906e-9,0.0
-19.52,-3.2351756039829365e-9,0.0
-19.51,-4.698038923712828e-9,0.0
-19.5,-6.1285435677550785e-9,0.0
-19.49,-7.526952862646613e-9,0.0
-19.48,-8.893529557946567e-9,0.0
-19.47,-1.0228535824329907e-8,0.0
-19.46,-1.1532233251678607e-8,0.0
-19.45,-1.280488284718507e-8,0.0
-19.44,-1.4046745033432797e-8,0.0
-19.43,-1.525807964649143e-8,0.0
-19.42,-1.643914593400846e-8,0.0
-19.41,-1.7590202553293094e-8,0.0
-19.4,-1.871150756940006e-8,0.0
-19.39,-1.980331845321703e-8,0.0
-19.38,-2.0865892079547235e-8,0.0
-19.37,-2.18994847251879e-8,0.0
-19.36,-2.2904352067012662e-8,0.0
-19.35,-2.3880749180048103e-8,0.0
-19.34,-2.4828930535549863e-8,0.0
-19.33,-2.5749149999081114e-8,0.0
-19.32,-2.6641660828581402e-8,0.0
-19.31,-2.750671567244446e-8,0.0
-19.3,-2.8344566567584814e-8,0.0
-19.29,-2.9155464937511793e-8,0.0
-19.28,-2.9939661590394064e-8,0.0
-19.27,-3.069740671712858e-8,0.0
-19.26,-3.142894988940611e-8,0.0
-19.25,-3.213454005777658e-8,0.0
-19.24,-3.281442554970955e-8,0.0
-19.23,-3.346885406766048e-8,0.0
-19.22,-3.409807268712682e-8,0.0
-19.21,-3.4702327854710266e-8,0.0
-19.2,-3.528186538617506e-8,0.0
-19.19,-3.5836930464503984e-8,0.0
-19.18,-3.6367767637954505e-8,0.0
-19.17,-3.6874620818114325e-8,0.0
-19.16,-3.7357733277954345e-8,0.0
-19.15,-3.781734764988158e-8,0.0
-19.14,-3.8253705923789996e-8,0.0
-19.13,-3.866704944511165e-8,0.0
-19.12,-3.9057618912865965e-8,0.0
-19.11,-3.942565437770718e-8,0.0
-19.1,-3.977139523997336e-8,0.0
-19.09,-4.0095080247731046e-8,0.0
-19.08,-4.0396947494820244e-8,0.0
-19.07,-4.0677234418901536e-8,0.0
-19.06,-4.093617779949677e-8,0.0
-19.05,-4.1174013756032435e-8,0.0
-19.04,-4.139097774588197e-8,0.0
-19.03,-4.15873045624053e-8,0.0
-19.02,-4.1763228332990974e-8,0.0
-19.01,-4.191898251709265e-8,0.0
-19.0,-4.205479990426831e-8,0.0
-18.99,-4.217091261221944e-8,0.0
-18.98,-4.2267552084825083e-8,0.0
-18.97,-4.234494909018009e-8,0.0
-18.96,-4.240333371862896e-8,0.0
-18.95,-4.2442935380801715e-8,0.0
-18.94,-4.246398280564664e-8,0.0
-18.93,-4.24667040384642e-8,0.0
-18.92,-4.245132643894005e-8,0.0
-18.91,-4.2418076679176204e-8,0.0
-18.9,-4.236718074172308e-8,0.0
-18.89,-4.2298863917610895e-8,0.0
-18.88,-4.221335080437862e-8,0.0
-18.87,-4.2110865304105493e-8,0.0
-18.86,-4.1991630621439636e-8,0.0
-18.85,-4.1855869261626774e-8,0.0
-18.84,-4.1703803028539115e-8,0.0
-18.83,-4.153565302270352e-8,0.0
-18.82,-4.1351639639329106e-8,0.0
-18.81,-4.115198256633407e-8,0.0
-18.8,-4.093690078237377e-8,0.0
-18.79,-4.0706612554866254e-8,0.0
-18.78,-4.046133543802009e-8,0.0
-18.77,-4.0201286270858024e-8,0.0
-18.76,-3.9926681175246324e-8,0.0
-18.75,-3.963773555391769e-8,0.0
-18.74,-3.933466408849788e-8,0.0
-18.73,-3.9017680737531204e-8,0.0
-18.72,-3.868699873450529e-8,0.0
-18.71,-3.834283058587621e-8,0.0
-18.7,-3.79853880690946e-8,0.0
-18.69,-3.761488223062906e-8,0.0
-18.68,-3.723152338399186e-8,0.0
-18.67,-3.683552110776468e-8,0.0
-18.66,-3.6427084243622425e-8,0.0
-18.65,-3.600642089435873e-8,0.0
-18.64,-3.5573738421912465e-8,0.0
-18.63,-3.512924344539028e-8,0.0
-18.62,-3.4673141839094155e-8,0.0
-18.61,-3.4205638730546964e-8,0.0
-18.6,-3.3726938498517795e-8,0.0
-18.59,-3.3237244771047885e-8,0.0
-18.58,-3.273676042347704e-8,0.0
-18.57,-3.222568757647131e-8,0.0
-18.56,-3.170422759404732e-8,0.0
-18.55,-3.117258108160393e-8,0.0
-18.54,-3.063094788394505e-8,0.0
-18.53,-3.007952708331151e-8,0.0
-18.52,-2.9518516997408032e-8,0.0
-18.51,-2.8948115177431587e-8,0.0
-18.5,-2.8368518406103375e-8,0.0
-18.49,-2.777992269569692e-8,0.0
-18.48,-2.7182523286068784e-8,0.0
-18.47,-2.657651464269139e-8,0.0
-18.46,-2.596209045468341e-8,0.0
-18.45,-2.5339443632842586e-8,0.0
-18.44,-2.4708766307681047e-8,0.0
-18.43,-2.407024982745605e-8,0.0
-18.42,-2.3424084756207463e-8,0.0
-18.41,-2.2770460871793033e-8,0.0
-18.4,-2.2109567163923e-8,0.0
-18.39,-2.144159183219988e-8,0.0
-18.38,-2.076672228415558e-8,0.0
-18.37,-2.0085145133290803e-8,0.0
-18.36,-1.939704619711375e-8,0.0
-18.35,-1.8702610495185705e-8,0.0
-18.34,-1.8002022247157883e-8,0.0
-18.33,-1.729546487081762e-8,0.0
-18.32,-1.6583120980133543e-8,0.0
-18.31,-1.5865172383298974e-8,0.0
-18.3,-1.5141800080780526e-8,0.0
-18.29,-1.441318426336519e-8,0.0
-18.28,-1.367950431021079e-8,0.0
-18.27,-1.2940938786893783e-8,0.0
-18.26,-1.2197665443465817e-8,0.0
-18.25,-1.1449861212502023e-8,0.0
-18.24,-1.0697702207160044e-8,0.0
-18.23,-9.94136371923451e-9,0.0
-18.22,-9.181020217212232e-9,0.0
-18.21,-8.416845344337029e-9,0.0
-18.2,-7.649011916664946e-9,0.0
-18.19,-6.877691921129983e-9,0.0
-18.18,-6.103056513607835e-9,0.0
-18.17,-5.325276016980885e-9,0.0
-18.16,-4.544519919204572e-9,0.0
-18.15,-3.760956871380393e-9,0.0
-18.14,-2.9747546858224938e-9,0.0
-18.13,-2.1860803341334848e-9,0.0
-18.12,-1.3950999452798916e-9,0.0
-18.11,-6.019788036644813e-10,0.0
-18.1,1.9311865278913103e-10,0.0
-18.09,9.90028834559191e-10,0.0
-18.08,1.7885890024431553e-9,0.0
-18.07,2.5886372694710026e-9,0.0
-18.06,3.3900126028197036e-9,0.0
-18.05,4.192554825722789e-9,0.0
-18.04,4.996104619379191e-9,0.0
-18.03,5.8005035248601935e-9,0.0
-18.02,6.60559394501158e-9,0.0
-18.01,7.4112191463574975e-9,0.0
-18.0,8.217223260997622e-9,0.0
-17.99,9.023451288504118e-9,0.0
-17.98,9.829749097816593e-9,0.0
-17.97,1.0635963429132749e-8,0.0
-17.96,1.1441941895798183e-8,0.0
-17.95,1.2247532986193025e-8,0.0
-17.94,1.3052586065612279e-8,0.0
-17.93,1.3856951378152106e-8,0.0
-17.92,1.4660480048583215e-8,0.0
-17.91,1.5463024084229845e-8,0.0
-17.9,1.6264436376838644e-8,0.0
-17.89,1.706457070445026e-8,0.0
-17.88,1.786328173326645e-8,0.0
-17.87,1.866042501951195e-8,0.0
-17.86,1.94558570112943e-8,0.0
-17.85,2.02494350504633e-8,0.0
-17.84,2.104101737446482e-8,0.0
-17.83,2.18304631181891e-8,0.0
-17.82,2.2617632315821048e-8,0.0
-17.81,2.3402385902683264e-8,0.0
-17.8,2.4184585717077038e-8,0.0
-17.79,2.4964094502119974e-8,0.0
-17.78,2.574077590757977e-8,0.0
-17.77,2.6514494491704737e-8,0.0
-17.76,2.7285115723049935e-8,0.0
-17.75,2.8052505982301847e-8,0.0
-17.74,2.881653256409569e-8,0.0
-17.73,2.957706367883344e-8,0.0
-17.72,3.033396845449375e-8,0.0
-17.71,3.108711693844187e-8,0.0
-17.7,3.1836380099231376e-8,0.0
-17.69,3.258162982840693e-8,0.0
-17.68,3.33227389422986e-8,0.0
-17.67,3.40595811838139e-8,0.0
-17.66,3.479203122422785e-8,0.0
-17.65,3.551996466496345e-8,0.0
-17.64,3.624325803937307e-8,0.0
-17.63,3.696178881451417e-8,0.0
-17.62,3.7675435392917827e-8,0.0
-17.61,3.838407711435782e-8,0.0
-17.6,3.908759425760843e-8,0.0
-17.59,3.978586804220778e-8,0.0
-17.58,4.047878063020477e-8,0.0
-17.57,4.11662151279089e-8,0.0
-17.56,4.1848055587636174e-8,0.0
-17.55,4.25241870094432e-8,0.0
-17.54,4.3194495342865105e-8,0.0
-17.53,4.385886748864003e-8,0.0
-17.52,4.4517191300437735e-8,0.0
-17.51,4.516935558657229e-8,0.0
-17.5,4.581525011172237e-8,0.0
-17.49,4.645476559863501e-8,0.0
-17.48,4.7087793729828675e-8,0.0
-17.47,4.7714227149295985e-8,0.0
-17.46,4.83339594641902e-8,0.0
-17.45,4.8946885246516976e-8,0.0
-17.44,4.955290003481401e-8,0.0
-17.43,5.0151900335826983e-8,0.0
-17.42,5.074378362618039e-8,0.0
-17.41,5.13284483540438e-8,0.0
-17.4,5.1905793940788243e-8,0.0
-17.39,5.247572078264155e-8,0.0
-17.38,5.303813025233579e-8,0.0
-17.37,5.359292470074608e-8,0.0
-17.36,5.414000745852982e-8,0.0
-17.35,5.467928283775188e-8,0.0
-17.34,5.521065613351173e-8,0.0
-17.33,5.573403362555801e-8,0.0
-17.32,5.624932257989815e-8,0.0
-17.31,5.6756431250405734e-8,0.0
-17.3,5.7255268880415626e-8,0.0
-17.29,5.7745745704316506e-8,0.0
-17.28,5.822777294913369e-8,0.0
-17.27,5.870126283611068e-8,0.0
-17.26,5.916612858227636e-8,0.0
-17.25,5.962228440201247e-8,0.0
-17.24,6.006964550860918e-8,0.0
-17.23,6.050812811581678e-8,0.0
-17.22,6.093764943938865e-8,0.0
-17.21,6.135812769861874e-8,0.0
-17.2,6.17694821178692e-8,0.0
-17.19,6.217163292809263e-8,0.0
-17.18,6.256450136834876e-8,0.0
-17.17,6.294800968730883e-8,0.0
-17.16,6.332208114475721e-8,0.0
-17.15,6.368664001308251e-8,0.0
-17.14,6.404161157876245e-8,0.0
-17.13,6.438692214384077e-8,0.0
-17.12,6.472249902739577e-8,0.0
-17.11,6.50482705670019e-8,0.0
-17.1,6.536416612018093e-8,0.0
-17.09,6.567011606584987e-8,0.0
-17.08,6.596605180575623e-8,0.0
-17.07,6.625190576590527e-8,0.0
-17.06,6.652761139798274e-8,0.0
-17.05,6.67931031807656e-8,0.0
-17.04,6.704831662152472e-8,0.0
-17.03,6.729318825742112e-8,0.0
-17.02,6.752765565689116e-8,0.0
-17.01,6.775165742102483e-8,0.0
-17.0,6.796513318493313e-8,0.0
-16.99,6.816802361910884e-8,0.0
-16.98,6.836027043077722e-8,0.0
-16.97,6.854181636523633e-8,0.0
-16.96,6.871260520719162e-8,0.0
-16.95,6.887258178207688e-8,0.0
-16.94,6.902169195737033e-8,0.0
-16.93,6.91598826438964e-8,0.0
-16.92,6.928710179712334e-8,0.0
-16.91,6.9403298418446e-8,0.0
-16.9,6.95084225564631e-8,0.0
-16.89,6.96024253082413e-8,0.0
-16.88,6.968525882057302e-8,0.0
-16.87,6.975687629121987e-8,0.0
-16.86,6.98172319701503e-8,0.0
-16.85,6.986628116076462e-8,0.0
-16.84,6.990398022110855e-8,0.0
-16.83,6.993028656508021e-8,0.0
-16.82,6.994515866362375e-8,0.0
-16.81,6.99485560459122e-8,0.0
-16.8,6.994043930052178e-8,0.0
-16.79,6.992077007659352e-8,0.0
-16.78,6.988951108498481e-8,0.0
-16.77,6.984662609941026e-8,0.0
-16.76,6.979207995757021e-8,0.0
-16.75,6.972583856226962e-8,0.0
-16.74,6.964786888252441e-8,0.0
-16.73,6.955813895465841e-8,0.0
-16.72,6.945661788338528e-8,0.0
-16.71,6.934327584288237e-8,0.0
-16.7,6.921808407785162e-8,0.0
-16.69,6.908101490456767e-8,0.0
-16.68,6.89320417119158e-8,0.0
-16.67,6.877113896241605e-8,0.0
-16.66,6.859828219323686e-8,0.0
-16.65,6.841344801719608e-8,0.0
-16.64,6.821661412374847e-8,0.0
-16.63,6.800775927996237e-8,0.0
-16.62,6.778686333148234e-8,0.0
-16.61,6.755390720348072e-8,0.0
-16.6,6.730887290159568e-8,0.0
-16.59,6.705174351285454e-8,0.0
-16.58,6.67825032065887e-8,0.0
-16.57,6.650113723533072e-8,0.0
-16.56,6.620763193569986e-8,0.0
-16.55,6.590197472927499e-8,0.0
-16.54,6.558415412345486e-8,0.0
-16.53,6.525415971230052e-8,0.0
-16.52,6.491198217737107e-8,0.0
-16.51,6.45576132885367e-8,0.0
-16.5,6.419104590478658e-8,0.0
-16.49,6.381227397501858e-8,0.0
-16.48,6.34212925388117e-8,0.0
-16.47,6.301809772719053e-8,0.0
-16.46,6.260268676337316e-8,0.0
-16.45,6.217505796350004e-8,0.0
-16.44,6.173521073735539e-8,0.0
-16.43,6.128314558906874e-8,0.0
-16.42,6.081886411780401e-8,0.0
-16.41,6.034236901843127e-8,0.0
-16.4,5.985366408218736e-8,0.0
-16.39,5.93527541973154e-8,0.0
-16.38,5.883964534969702e-8,0.0
-16.37,5.8314344623459334e-8,0.0
-16.36,5.777686020157249e-8,0.0
-16.35,5.722720136643419e-8,0.0
-16.34,5.666537850042826e-8,0.0
-16.33,5.609140308647742e-8,0.0
-16.32,5.550528770857469e-8,0.0
-16.31,5.490704605229757e-8,0.0
-16.3,5.4296692905311356e-8,0.0
-16.29,5.3674244157849625e-8,0.0
-16.28,5.303971680317967e-8,0.0
-16.27,5.2393128938054875e-8,0.0
-16.26,5.173449976314599e-8,0.0
-16.25,5.10638495834569e-8,0.0
-16.24,5.0381199808720006e-8,0.0
-16.23,4.968657295378365e-8,0.0
-16.22,4.897999263896669e-8,0.0
-16.21,4.826148359041296e-8,0.0
-16.2,4.753107164041108e-8,0.0
-16.19,4.678878372771085e-8,0.0
-16.18,4.6034647897809765e-8,0.0
-16.17,4.526869330323169e-8,0.0
-16.16,4.449095020377571e-8,0.0
-16.15,4.370144996675915e-8,0.0
-16.14,4.2900225067231496e-8,0.0
-16.13,4.20873090881753e-8,0.0
-16.12,4.1262736720684125e-8,0.0
-16.11,4.042654376412518e-8,0.0
-16.1,3.9578767126282675e-8,0.0
-16.09,3.871944482347599e-8,0.0
-16.08,3.7848615980666487e-8,0.0
-16.07,3.696632083153768e-8,0.0
-16.06,3.6072600718559264e-8,0.0
-16.05,3.516749809303309e-8,0.0
-16.04,3.4251056515108394e-8,0.0
-16.03,3.332332065379484e-8,0.0
-16.02,3.238433628693415e-8,0.0
-16.01,3.14341503011709e-8,0.0
-16.0,3.047281069188562e-8,0.0
-15.99,2.950036656311844e-8,0.0
-15.98,2.8516868127466277e-8,0.0
-15.97,2.7522366705960686e-8,0.0
-15.96,2.651691472792315e-8,0.0
-15.95,2.5500565730797843e-8,0.0
-15.94,2.4473374359967572e-8,0.0
-15.93,2.3435396368540553e-8,0.0
-15.92,2.2386688617118768e-8,0.0
-15.91,2.1327309073546242e-8,0.0
-15.9,2.0257316812631672e-8,0.0
-15.89,1.9176772015846362e-8,0.0
-15.88,1.8085735971006836e-8,0.0
-15.87,1.6984271071926834e-8,0.0
-15.86,1.5872440818049633e-8,0.0
-15.85,1.4750309814058208e-8,0.0
-15.84,1.3617943769458262e-8,0.0
-15.83,1.247540949814112e-8,0.0
-15.82,1.1322774917918013e-8,0.0
-15.81,1.016010905004105e-8,0.0
-15.8,8.987482018683492e-9,0.0
-15.79,7.804965050412582e-9,0.0
-15.78,6.612630473623314e-9,0.0
-15.77,5.410551717959742e-9,0.0
-15.76,4.198803313702078e-9,0.0
-15.75,2.977460891133438e-9,0.0
-15.74,1.7466011798813164e-9,0.0
-15.73,5.063020082282758e-10,0.0
-15.72,-7.433576975907706e-10,0.0
-15.71,-2.002297914134735e-9,0.0
-15.7,-3.27043752151231e-9,0.0
-15.69,-4.547694304172042e-9,0.0
-15.68,-5.8339849517231625e-9,0.0
-15.67,-7.129225059767377e-9,0.0
-15.66,-8.433329130778063e-9,0.0
-15.65,-9.746210574988908e-9,0.0
-15.64,-1.1067781711320466e-8,0.0
-15.63,-1.2397953768329234e-8,0.0
-15.62,-1.3736636885185535e-8,0.0
-15.61,-1.508374011268138e-8,0.0
-15.6,-1.6439171414260995e-8,0.0
-15.59,-1.780283766708299e-8,0.0
-15.58,-1.917464466311654e-8,0.0
-15.57,-2.0554497110252448e-8,0.0
-15.56,-2.1942298633455973e-8,0.0
-15.55,-2.3337951775940646e-8,0.0
-15.54,-2.4741358000377672e-8,0.0
-15.53,-2.6152417690128695e-8,0.0
-15.52,-2.7571030150512817e-8,0.0
-15.51,-2.89970936100982e-8,0.0
-15.5,-3.043050522203128e-8,0.0
-15.49,-3.18711610653906e-8,0.0
-15.48,-3.331895614657164e-8,0.0
-15.47,-3.47737844007023e-8,0.0
-15.46,-3.6235538693094204e-8,0.0
-15.45,-3.770411082071959e-8,0.0
-15.44,-3.917939151371766e-8,0.0
-15.43,-4.066127043694058e-8,0.0
-15.42,-4.21496361915276e-8,0.0
-15.41,-4.364437631650532e-8,0.0
-15.4,-4.5145377290428284e-8,0.0
-15.39,-4.665252453305173e-8,0.0
-15.38,-4.8165702407026986e-8,0.0
-15.37,-4.9684794219646335e-8,0.0
-15.36,-5.120968222460512e-8,0.0
-15.35,-5.2740247623805835e-8,0.0
-15.34,-5.427637056919586e-8,0.0
-15.33,-5.581793016463454e-8,0.0
-15.32,-5.736480446780119e-8,0.0
-15.31,-5.891687049212592e-8,0.0
-15.3,-6.047400420877057e-8,0.0
-15.29,-6.203608054863221e-8,0.0
-15.28,-6.360297340438365e-8,0.0
-15.27,-6.517455563255802e-8,0.0
-15.26,-6.67506990556549e-8,0.0
-15.25,-6.833127446429135e-8,0.0
-15.24,-6.991615161939339e-8,0.0
-15.23,-7.15051992544107e-8,0.0
-15.22,-7.309828507757501e-8,0.0
-15.21,-7.46952757741958e-8,0.0
-15.2,-7.629603700899698e-8,0.0
-15.19,-7.79004334284777e-8,0.0
-15.18,-7.950832866332334e-8,0.0
-15.17,-8.111958533085219e-8,0.0
-15.16,-8.273406503749503e-8,0.0
-15.15,-8.435162838131113e-8,0.0
-15.14,-8.59721349545567e-8,0.0
-15.13,-8.759544334628082e-8,0.0
-15.12,-8.922141114495347e-8,0.0
-15.11,-9.08498949411549e-8,0.0
-15.1,-9.2480750330284e-8,0.0
-15.09,-9.411383191531439e-8,0.0
-15.08,-9.574899330959238e-8,0.0
-15.07,-9.73860871396782e-8,0.0
-15.06,-9.902496504821142e-8,0.0
-15.05,-1.0066547769684037e-7,0.0
-15.04,-1.023074747691761e-7,0.0
-15.03,-1.0395080497379403e-7,0.0
-15.02,-1.0559531604727633e-7,0.0
-15.01,-1.0724085475729718e-7,0.0
-15.0,-1.0888726690575139e-7,0.0
-14.99,-1.1053439733192336e-7,0.0
-14.98,-1.1218208991569459e-7,0.0
-14.97,-1.1383018758081012e-7,0.0
-14.96,-1.1547853229816356e-7,0.0
-14.95,-1.1712696508915585e-7,0.0
-14.94,-1.1877532602907128e-7,0.0
-14.93,-1.204234542505118e-7,0.0
-14.92,-1.2207118794687322e-7,0.0
-14.91,-1.2371836437586954e-7,0.0
-14.9,-1.2536481986309287e-7,0.0
-14.89,-1.270103898056308e-7,0.0
-14.88,-1.2865490867572172e-7,0.0
-14.87,-1.3029821002445851e-7,0.0
-14.86,-1.3194012648553806e-7,0.0
-14.85,-1.3358048977906e-7,0.0
-14.84,-1.3521913071536973e-7,0.0
-14.83,-1.3685587919895208e-7,0.0
-14.82,-1.384905642323625e-7,0.0
-14.81,-1.4012301392022412e-7,0.0
-14.8,-1.417530554732579e-7,0.0
-14.79,-1.4338051521236603e-7,0.0
-14.78,-1.4500521857276555e-7,0.0
-14.77,-1.4662699010816978e-7,0.0
-14.76,-1.4824565349502416e-7,0.0
-14.75,-1.4986103153677936e-7,0.0
-14.74,-1.5147294616823142e-7,0.0
-14.73,-1.530812184598962e-7,0.0
-14.72,-1.5468566862245068e-7,0.0
-14.71,-1.5628611601120894e-7,0.0
-14.7,-1.5788237913066291e-7,0.0
-14.69,-1.594742756390701e-7,0.0
-14.68,-1.6106162235308849e-7,0.0
-14.67,-1.6264423525247484e-7,0.0
-14.66,-1.6422192948482586e-7,0.0
-14.65,-1.6579451937037676e-7,0.0
-14.64,-1.6736181840685509e-7,0.0
-14.63,-1.689236392743822e-7,0.0
-14.62,-1.7047979384043897e-7,0.0
-14.61,-1.7203009316487394e-7,0.0
-14.6,-1.7357434750497865e-7,0.0
-14.59,-1.7511236632060617e-7,0.0
-14.58,-1.7664395827935788e-7,0.0
-14.57,-1.7816893126181135e-7,0.0
-14.56,-1.796870923668214e-7,0.0
-14.55,-1.8119824791686248e-7,0.0
-14.54,-1.827022034634386e-7,0.0
-14.53,-1.8419876379254642e-7,0.0
-14.52,-1.856877329301942e-7,0.0
-14.51,-1.8716891414798357e-7,0.0
-14.5,-1.8864210996874806e-7,0.0
-14.49,-1.9010712217224679e-7,0.0
-14.48,-1.915637518009214e-7,0.0
-14.47,-1.9301179916571524e-7,0.0
-14.46,-1.9445106385194454e-7,0.0
-14.45,-1.958813447252367e-7,0.0
-14.44,-1.97302439937524e-7,0.0
-14.43,-1.9871414693310668e-7,0.0
-14.42,-2.0011626245476787e-7,0.0
-14.41,-2.0150858254995504e-7,0.0
-14.4,-2.028909025770267e-7,0.0
-14.39,-2.042630172115542e-7,0.0
-14.38,-2.0562472045269309e-7,0.0
-14.37,-2.0697580562961623e-7,0.0
-14.36,-2.0831606540801018e-7,0.0
-14.35,-2.096452917966329e-7,0.0
-14.34,-2.109632761539443e-7,0.0
-14.33,-2.1226980919479288e-7,0.0
-14.32,-2.1356468099716837e-7,0.0
-14.31,-2.1484768100903265e-7,0.0
-14.3,-2.161185980551983e-7,0.0
-14.29,-2.1737722034428978e-7,0.0
-14.28,-2.186233354757601e-7,0.0
-14.27,-2.1985673044698371e-7,0.0
-14.26,-2.2107719166040908e-7,0.0
-14.25,-2.2228450493078916e-7,0.0
-14.24,-2.2347845549247458e-7,0.0
-14.23,-2.246588280067707e-7,0.0
-14.22,-2.2582540656937837e-7,0.0
-14.21,-2.2697797471789173e-7,0.0
-14.2,-2.281163154393751e-7,0.0
-14.19,-2.292402111780037e-7,0.0
-14.18,-2.3034944384277919e-7,0.0
-14.17,-2.3144379481532245e-7,0.0
-14.16,-2.3252304495772403e-7,0.0
-14.15,-2.3358697462048464e-7,0.0
-14.14,-2.3463536365051223e-7,0.0
-14.13,-2.3566799139920992e-7,0.0
-14.12,-2.3668463673061966e-7,0.0
-14.11,-2.3768507802965345e-7,0.0
-14.1,-2.3866909321039605e-7,0.0
-14.09,-2.396364597244776e-7,0.0
-14.08,-2.40586954569533e-7,0.0
-14.07,-2.415203542977273e-7,0.0
-14.06,-2.4243643502435863e-7,0.0
-14.05,-2.4333497243654747e-7,0.0
-14.04,-2.4421574180199023e-7,0.0
-14.03,-2.4507851797780757e-7,0.0
-14.02,-2.4592307541944913e-7,0.0
-14.01,-2.467491881897012e-7,0.0
-14.0,-2.4755662996775386e-7,0.0
-13.99,-2.4834517405836225e-7,0.0
-13.98,-2.491145934010814e-7,0.0
-13.97,-2.4986466057958076e-7,0.0
-13.96,-2.505951478310472e-7,0.0
-13.95,-2.5130582705566017e-7,0.0
-13.94,-2.5199646982615955e-7,0.0
-13.93,-2.5266684739748656e-7,0.0
-13.92,-2.533167307165193e-7,0.0
-13.91,-2.539458904318755e-7,0.0
-13.9,-2.5455409690382407e-7,0.0
-13.89,-2.551411202142542e-7,0.0
-13.88,-2.557067301767477e-7,0.0
-13.87,-2.56250696346737e-7,0.0
-13.86,-2.567727880317402e-7,0.0
-13.85,-2.5727277430168553e-7,0.0
-13.84,-2.5775042399933174e-7,0.0
-13.83,-2.5820550575076763e-7,0.0
-13.82,-2.5863778797600177e-7,0.0
-13.81,-2.590470388996443e-7,0.0
-13.8,-2.5943302656167237e-7,0.0
-13.79,-2.5979551882829423e-7,0.0
-13.78,-2.6013428340289637e-7,0.0
-13.77,-2.6044908783708333e-7,0.0
-13.76,-2.607396995418119e-7,0.0
-13.75,-2.610058857986156e-7,0.0
-13.74,-2.612474137709244e-7,0.0
-13.73,-2.614640505154664e-7,0.0
-13.72,-2.6165556299378455e-7,0.0
-13.71,-2.6182171808382623e-7,0.0
-13.7,-2.619622825916432e-7,0.0
-13.69,-2.620770232631726e-7,0.0
-13.68,-2.621657067961328e-7,0.0
-13.67,-2.6222809985199653e-7,0.0
-13.66,-2.6226396906807325e-7,0.0
-13.65,-2.6227308106968216e-7,0.0
-13.64,-2.622552024824328e-7,0.0
-13.63,-2.622100999445967e-7,0.0
-13.62,-2.621375401195734e-7,0.0
-13.61,-2.620372897084751e-7,0.0
-13.6,-2.619091154627882e-7,0.0
-13.59,-2.6175278419715784e-7,0.0
-13.58,-2.615680628022597e-7,0.0
-13.57,-2.6135471825777665e-7,0.0
-13.56,-2.611125176454808e-7,0.0
-13.55,-2.60841228162427e-7,0.0
-13.54,-2.6054061713422385e-7,0.0
-13.53,-2.602104520284493e-7,0.0
-13.52,-2.5985050046812954e-7,0.0
-13.51,-2.594605302453571e-7,0.0
-13.5,-2.590403093349953e-7,0.0
-13.49,-2.585896059085004e-7,0.0
-13.48,-2.581081883478424e-7,0.0
-13.47,-2.5759582525954866e-7,0.0
-13.46,-2.5705228548883274e-7,0.0
-13.45,-2.5647733813386287e-7,0.0
-13.44,-2.5587075256011367e-7,0.0
-13.43,-2.5523229841484144e-7,0.0
-13.42,-2.5456174564167447e-7,0.0
-13.41,-2.53858864495304e-7,0.0
-13.4,-2.531234255562983e-7,0.0
-13.39,-2.5235519974602434e-7,0.0
-13.38,-2.515539583416795e-7,0.0
-13.37,-2.5071947299145535e-7,0.0
-13.36,-2.4985151572978974e-7,0.0
-13.35,-2.4894985899276087e-7,0.0
-13.34,-2.480142756335779e-7,0.0
-13.33,-2.4704453893820897e-7,0.0
-13.32,-2.4604042264109885e-7,0.0
-13.31,-2.450017009410386e-7,0.0
-13.3,-2.4392814851712335e-7,0.0
-13.29,-2.4281954054485074e-7,0.0
-13.28,-2.416756527123387e-7,0.0
-13.27,-2.404962612366428e-7,0.0
-13.26,-2.39281142880228e-7,0.0
-13.25,-2.380300749675367e-7,0.0
-13.24,-2.3674283540169135e-7,0.0
-13.23,-2.3541920268132084e-7,0.0
-13.22,-2.3405895591751058e-7,0.0
-13.21,-2.3266187485087087e-7,0.0
-13.2,-2.3122773986874578e-7,0.0
-13.19,-2.2975633202253748e-7,0.0
-13.18,-2.2824743304515242e-7,0.0
-13.17,-2.2670082536859606e-7,0.0
-13.16,-2.2511629214168467e-7,0.0
-13.15,-2.234936172478671e-7,0.0
-13.14,-2.2183258532321917e-7,0.0
-13.13,-2.201329817745292e-7,0.0
-13.12,-2.1839459279754443e-7,0.0
-13.11,-2.1661720539532189e-7,0.0
-13.1,-2.1480060739673784e-7,0.0
-13.09,-2.1294458747511906e-7,0.0
-13.08,-2.1104893516700406e-7,0.0
-13.07,-2.091134408910534e-7,0.0
-13.06,-2.0713789596707501e-7,0.0
-13.05,-2.0512209263521784e-7,0.0
-13.04,-2.030658240752655e-7,0.0
-13.03,-2.0096888442610006e-7,0.0
-13.02,-1.9883106880528221e-7,0.0
-13.01,-1.9665217332878312e-7,0.0
-13.0,-1.9443199513086247e-7,0.0
-12.99,-1.9217033238406448e-7,0.0
-12.98,-1.8986698431937587e-7,0.0
-12.97,-1.875217512465303e-7,0.0
-12.96,-1.8513443457443388e-7,0.0
-12.95,-1.8270483683175523e-7,0.0
-12.94,-1.802327616876524e-7,0.0
-12.93,-1.777180139726452e-7,0.0
-12.92,-1.7516039969964083e-7,0.0
-12.91,-1.7255972608509276e-7,0.0
-12.9,-1.6991580157032522e-7,0.0
-12.89,-1.6722843584299084e-7,0.0
-12.88,-1.644974398586897e-7,0.0
-12.87,-1.6172262586273528e-7,0.0
-12.86,-1.5890380741206747e-7,0.0
-12.85,-1.5604079939732113e-7,0.0
-12.84,-1.5313341806504745e-7,0.0
-12.83,-1.5018148104009625e-7,0.0
-12.82,-1.4718480734813395e-7,0.0
-12.81,-1.4414321743833123e-7,0.0
-12.8,-1.410565332062194e-7,0.0
-12.79,-1.37924578016659e-7,0.0
-12.78,-1.3474717672702496e-7,0.0
-12.77,-1.3152415571050501e-7,0.0
-12.76,-1.2825534287957572e-7,0.0
-12.75,-1.249405677096404e-7,0.0
-12.74,-1.2157966126282415e-7,0.0
-12.73,-1.1817245621192406e-7,0.0
-12.72,-1.1471878686453813e-7,0.0
-12.71,-1.1121848918734162e-7,0.0
-12.7,-1.0767140083054563e-7,0.0
-12.69,-1.0407736115249772e-7,0.0
-12.68,-1.0043621124447381e-7,0.0
-12.67,-9.674779395561027e-8,0.0
-12.66,-9.301195391803748e-8,0.0
-12.65,-8.92285375721449e-8,0.0
-12.64,-8.539739319205046e-8,0.0
-12.63,-8.151837091120438e-8,0.0
-12.62,-7.75913227482041e-8,0.0
-12.61,-7.361610263275975e-8,0.0
-12.6,-6.959256643181158e-8,0.0
-12.59,-6.552057197586968e-8,0.0
-12.58,-6.139997908549691e-8,0.0
-12.57,-5.7230649597965214e-8,0.0
-12.56,-5.301244739410464e-8,0.0
-12.55,-4.8745238425322295e-8,0.0
-12.54,-4.44288907407981e-8,0.0
-12.53,-4.006327451486404e-8,0.0
-12.52,-3.564826207455996e-8,0.0
-12.51,-3.1183727927368846e-8,0.0
-12.5,-2.66695487891387e-8,0.0
-12.49,-2.21056036121971e-8,0.0
-12.48,-1.7491773613623423e-8,0.0
-12.47,-1.2827942303722748e-8,0.0
-12.46,-8.113995514699947e-9,0.0
-12.45,-3.349821429480126e-9,0.0
-12.44,1.4646893892396924e-9,0.0
-12.43,6.329643969780089e-9,0.0
-12.42,1.1245146902061694e-8,0.0
-12.41,1.621130030801257e-8,0.0
-12.4,2.122820381177471e-8,0.0
-12.39,2.6295954509709158e-8,0.0
-12.38,3.1414646940239196e-8,0.0
-12.37,3.658437305346361e-8,0.0
-12.36,4.1805222180583594e-8,0.0
-12.35,4.707728100316286e-8,0.0
-12.34,5.2400633522154624e-8,0.0
-12.33,5.7775361026732895e-8,0.0
-12.32,6.320154206296247e-8,0.0
-12.31,6.867925240221905e-8,0.0
-12.3,7.420856500944917e-8,0.0
-12.29,7.97895500111948e-8,0.0
-12.28,8.542227466344291e-8,0.0
-12.27,9.110680331925872e-8,0.0
-12.26,9.68431973962162e-8,0.0
-12.25,1.0263151534361288e-7,0.0
-12.24,1.0847181260950388e-7,0.0
-12.23,1.1436414160748812e-7,0.0
-12.22,1.2030855168333545e-7,0.0
-12.21,1.263050890813623e-7,0.0
-12.2,1.3235379691061118e-7,0.0
-12.19,1.3845471511083037e-7,0.0
-12.18,1.446078804182242e-7,0.0
-12.17,1.5081332633098988e-7,0.0
-12.16,1.5707108307465595e-7,0.0
-12.15,1.6338117756719728e-7,0.0
-12.14,1.6974363338391158e-7,0.0
-12.13,1.7615847072212414e-7,0.0
-12.12,1.8262570636562916e-7,0.0
-12.11,1.891453536489279e-7,0.0
-12.1,1.9571742242126615e-7,0.0
-12.09,2.0234191901041697e-7,0.0
-12.08,2.090188461862536e-7,0.0
-12.07,2.1574820312411934e-7,0.0
-12.06,2.2252998536792646e-7,0.0
-12.05,2.2936418479308406e-7,0.0
-12.04,2.3625078956915126e-7,0.0
-12.03,2.431897841222915e-7,0.0
-12.02,2.501811490975002e-7,0.0
-12.01,2.572248613205713e-7,0.0
-12.0,2.6432089375986424e-7,0.0
-11.99,2.714692154878286e-7,0.0
-11.98,2.786697916422987e-7,0.0
-11.97,2.8592258338754474e-7,0.0
-11.96,2.932275478750941e-7,0.0
-11.95,3.00584638204328e-7,0.0
-11.94,3.079938033828097e-7,0.0
-11.93,3.154549882864186e-7,0.0
-11.92,3.229681336192149e-7,0.0
-11.91,3.305331758730509e-7,0.0
-11.9,3.3815004728698996e-7,0.0
-11.89,3.458186758064368e-7,0.0
-11.88,3.535389850420491e-7,0.0
-11.87,3.6131089422838423e-7,0.0
-11.86,3.6913431818232497e-7,0.0
-11.85,3.770091672612409e-7,0.0
-11.84,3.849353473209156e-7,0.0
-11.83,3.929127596732054e-7,0.0
-11.82,4.009413010434662e-7,0.0
-11.81,4.0902086352772244e-7,0.0
-11.8,4.1715133454958306e-7,0.0
-11.79,4.253325968169177e-7,0.0
-11.78,4.3356452827824745e-7,0.0
-11.77,4.4184700207891285e-7,0.0
-11.76,4.501798865169754e-7,0.0
-11.75,4.5856304499885214e-7,0.0
-11.74,4.6699633599470184e-7,0.0
-11.73,4.7547961299355577e-7,0.0
-11.72,4.840127244581678e-7,0.0
-11.71,4.925955137796302e-7,0.0
-11.7,5.012278192317037e-7,0.0
-11.69,5.099094739249078e-7,0.0
-11.68,5.186403057603023e-7,0.0
-11.67,5.274201373830725e-7,0.0
-11.66,5.362487861357768e-7,0.0
-11.65,5.451260640113677e-7,0.0
-11.64,5.540517776059305e-7,0.0
-11.63,5.630257280711715e-7,0.0
-11.62,5.720477110665854e-7,0.0
-11.61,5.811175167114089e-7,0.0
-11.6,5.902349295362814e-7,0.0
-11.59,5.993997284345865e-7,0.0
-11.58,6.086116866136034e-7,0.0
-11.57,6.178705715453151e-7,0.0
-11.56,6.271761449169394e-7,0.0
-11.55,6.365281625812377e-7,0.0
-11.54,6.45926374506485e-7,0.0
-11.53,6.553705247261879e-7,0.0
-11.52,6.648603512885079e-7,0.0
-11.51,6.743955862054271e-7,0.0
-11.5,6.839759554015766e-7,0.0
-11.49,6.936011786628589e-7,0.0
-11.48,7.032709695847006e-7,0.0
-11.47,7.129850355200884e-7,0.0
-11.46,7.227430775272582e-7,0.0
-11.45,7.325447903171423e-7,0.0
-11.44,7.423898622005035e-7,0.0
-11.43,7.522779750347757e-7,0.0
-11.42,7.622088041706174e-7,0.0
-11.41,7.72182018398187e-7,0.0
-11.4,7.821972798930871e-7,0.0
-11.39,7.922542441620504e-7,0.0
-11.38,8.023525599883031e-7,0.0
-11.37,8.124918693766562e-7,0.0
-11.36,8.226718074982704e-7,0.0
-11.35,8.328920026351431e-7,0.0
-11.34,8.431520761242776e-7,0.0
-11.33,8.534516423015722e-7,0.0
-11.32,8.637903084453788e-7,0.0
-11.31,8.741676747197895e-7,0.0
-11.3,8.845833341175893e-7,0.0
-11.29,8.950368724029179e-7,0.0
-11.28,9.055278680536451e-7,0.0
-11.27,9.160558922033709e-7,0.0
-11.26,9.266205085832148e-7,0.0
-11.25,9.372212734632106e-7,0.0
-11.24,9.4785773559342e-7,0.0
-11.23,9.585294361447684e-7,0.0
-11.22,9.692359086495118e-7,0.0
-11.21,9.799766789414297e-7,0.0
-11.2,9.907512650956851e-7,0.0
-11.19,1.001559177368364e-6,0.0
-11.18,1.012399918135735e-6,0.0
-11.17,1.0232729818331466e-6,0.0
-11.16,1.0341778548936224e-6,0.0
-11.15,1.0451140156861635e-6,0.0
-11.14,1.0560809344536855e-6,0.0
-11.13,1.0670780732506505e-6,0.0
-11.12,1.0781048858804178e-6,0.0
-11.11,1.08916081783219e-6,0.0
-11.1,1.1002453062177308e-6,0.0
-11.09,1.1113577797076868e-6,0.0
-11.08,1.122497658467586e-6,0.0
-11.07,1.1336643540935771e-6,0.0
-11.06,1.1448572695477558e-6,0.0
-11.05,1.1560757990932378e-6,0.0
-11.04,1.1673193282288275e-6,0.0
-11.03,1.1785872336234294e-6,0.0
-11.02,1.1898788830500997e-6,0.0
-11.01,1.2011936353197369e-6,0.0
-11.0,1.2125308402144769e-6,0.0
-10.99,1.2238898384207653e-6,0.0
-10.98,1.2352699614620601e-6,0.0
-10.97,1.2466705316312092e-6,0.0
-10.96,1.258090861922512e-6,0.0
-10.95,1.2695302559634297e-6,0.0
-10.94,1.2809880079459462e-6,0.0
-10.93,1.2924634025576259e-6,0.0
-10.92,1.3039557149123095e-6,0.0
-10.91,1.3154642104804675e-6,0.0
-10.9,1.3269881450192196e-6,0.0
-10.89,1.3385267645020314e-6,0.0
-10.88,1.350079305048036e-6,0.0
-10.87,1.3616449928510258e-6,0.0
-10.86,1.37322304410814e-6,0.0
-10.85,1.384812664948143e-6,0.0
-10.84,1.396413051359399e-6,0.0
-10.83,1.4080233891175215e-6,0.0
-10.82,1.4196428537126152e-6,0.0
-10.81,1.4312706102762237e-6,0.0
-10.8,1.4429058135079314e-6,0.0
-10.79,1.454547607601585e-6,0.0
-10.78,1.4661951261711855e-6,0.0
-10.77,1.4778474921764376e-6,0.0
-10.76,1.4895038178479622e-6,0.0
-10.75,1.501163204612128e-6,0.0
-10.74,1.5128247430155145e-6,0.0
-10.73,1.524487512649176e-6,0.0
-10.72,1.5361505820722855e-6,0.0
-10.71,1.5478130087357002e-6,0.0
-10.7,1.5594738389050107e-6,0.0
-10.69,1.5711321075832764e-6,0.0
-10.68,1.5827868384334693e-6,0.0
-10.67,1.5944370437004547e-6,0.0
-10.66,1.6060817241327194e-6,0.0
-10.65,1.6177198689036883e-6,0.0
-10.64,1.6293504555327286e-6,0.0
-10.63,1.6409724498057462e-6,0.0
-10.62,1.6525848056954944e-6,0.0
-10.61,1.6641864652814805e-6,0.0
-10.6,1.6757763586695352e-6,0.0
-10.59,1.6873534039110093e-6,0.0
-10.58,1.69891650692167e-6,0.0
-10.57,1.7104645614001727e-6,0.0
-10.56,1.721996448746229e-6,0.0
-10.55,1.7335110379783897e-6,0.0
-10.54,1.7450071856514733e-6,0.0
-10.53,1.7564837357737e-6,0.0
-10.52,1.7679395197233612e-6,0.0
-10.51,1.7793733561652017e-6,0.0
-10.5,1.7907840509665154e-6,0.0
-10.49,1.8021703971126968e-6,0.0
-10.48,1.8135311746226443e-6,0.0
-10.47,1.8248651504636503e-6,0.0
-10.46,1.8361710784660341e-6,0.0
-10.45,1.8474476992373975e-6,0.0
-10.44,1.8586937400764937e-6,0.0
-10.43,1.869907914886758e-6,0.0
-10.42,1.8810889240895188e-6,0.0
-10.41,1.8922354545368304e-6,0.0
-10.4,1.9033461794239213e-6,0.0
-10.39,1.9144197582013166e-6,0.0
-10.38,1.925454836486666e-6,0.0
-10.37,1.9364500459761046e-6,0.0
-10.36,1.9474040043553247e-6,0.0
-10.35,1.958315315210342e-6,0.0
-10.34,1.969182567937819e-6,0.0
-10.33,1.9800043376550966e-6,0.0
-10.32,1.9907791851098435e-6,0.0
-10.31,2.0015056565894125e-6,0.0
-10.3,2.0121822838297947e-6,0.0
-10.29,2.0228075839242082e-6,0.0
-10.28,2.0333800592314366e-6,0.0
-10.27,2.043898197283699e-6,0.0
-10.26,2.054360470694294e-6,0.0
-10.25,2.0647653370647833e-6,0.0
-10.24,2.0751112388919474e-6,0.0
-10.23,2.0853966034742813e-6,0.0
-10.22,2.095619842818267e-6,0.0
-10.21,2.10577935354421e-6,0.0
-10.2,2.115873516791783e-6,0.0
-10.19,2.1259006981252267e-6,0.0
-10.18,2.135859247438201e-6,0.0
-10.17,2.1457474988583415e-6,0.0
-10.16,2.1555637706513813e-6,0.0
-10.15,2.1653063651251093e-6,0.0
-10.14,2.1749735685327598e-6,0.0
-10.13,2.1845636509763472e-6,0.0
-10.12,2.1940748663094486e-6,0.0
-10.11,2.2035054520397348e-6,0.0
-10.1,2.2128536292312475e-6,0.0
-10.09,2.222117602406231e-6,0.0
-10.08,2.2312955594466953e-6,0.0
-10.07,2.240385671495691e-6,0.0
-10.06,2.2493860928582464e-6,0.0
-10.05,2.2582949609019367e-6,0.0
-10.04,2.267110395957183e-6,0.0
-10.03,2.275830501217271e-6,0.0
-10.02,2.2844533626379436e-6,0.0
-10.01,2.292977048836873e-6,0.0
-10.0,2.3013996109925953e-6,0.0
-9.99,2.309719082743328e-6,0.0
-9.98,2.3179334800854256e-6,0.0
-9.97,2.3260408012714456e-6,0.0
-9.96,2.3340390267080957e-6,0.0
-9.95,2.341926118853698e-6,0.0
-9.94,2.3497000221155073e-6,0.0
-9.93,2.3573586627466607e-6,0.0
-9.92,2.3648999487428405e-6,0.0
-9.91,2.372321769738703e-6,0.0
-9.9,2.3796219969039517e-6,0.0
-9.89,2.3867984828392283e-6,0.0
-9.88,2.3938490614716252e-6,0.0
-9.87,2.4007715479499684e-6,0.0
-9.86,2.4075637385398768e-6,0.0
-9.85,2.41422341051848e-6,0.0
-9.84,2.420748322068928e-6,0.0
-9.83,2.4271362121745507e-6,0.0
-9.82,2.4333848005129032e-6,0.0
-9.81,2.439491787349491e-6,0.0
-9.8,2.4454548534311505e-6,0.0
-9.79,2.4512716598793396e-6,0.0
-9.78,2.456939848083116e-6,0.0
-9.77,2.4624570395918175e-6,0.0
-9.76,2.4678208360076657e-6,0.0
-9.75,2.4730288188779475e-6,0.0
-9.74,2.4780785495871447e-6,0.0
-9.73,2.4829675692486924e-6,0.0
-9.72,2.487693398596652e-6,0.0
-9.71,2.49225353787709e-6,0.0
-9.7,2.496645466739254e-6,0.0
-9.69,2.500866644126566e-6,0.0
-9.68,2.5049145081674432e-6,0.0
-9.67,2.5087864760658603e-6,0.0
-9.66,2.5124799439917573e-6,0.0
-9.65,2.515992286971273e-6,0.0
-9.64,2.5193208587767815e-6,0.0
-9.63,2.5224629918167944e-6,0.0
-9.62,2.5254159970255972e-6,0.0
-9.61,2.528177163752858e-6,0.0
-9.6,2.5307437596529813e-6,0.0
-9.59,2.533113030574325e-6,0.0
-9.58,2.535282200448313e-6,0.0
-9.57,2.537248471178373e-6,0.0
-9.56,2.539009022528758e-6,0.0
-9.55,2.540561012013236e-6,0.0
-9.54,2.541901574783645e-6,0.0
-9.53,2.54302782351834e-6,0.0
-9.52,2.5439368483105707e-6,0.0
-9.51,2.544625716556729e-6,0.0
-9.5,2.545091472844469e-6,0.0
-9.49,2.5453311388407764e-6,0.0
-9.48,2.545341713180002e-6,0.0
-9.47,2.5451201713517385e-6,0.0
-9.46,2.544663465588686e-6,0.0
-9.45,2.5439685247543932e-6,0.0
-9.44,2.543032254231132e-6,0.0
-9.43,2.5418515358074695e-6,0.0
-9.42,2.5404232275659886e-6,0.0
-9.41,2.5387441637709827e-6,0.0
-9.4,2.536811154756008e-6,0.0
-9.39,2.5346209868115625e-6,0.0
-9.38,2.5321704220726595e-6,0.0
-9.37,2.529456198406502e-6,0.0
-9.36,2.5264750293001883e-6,0.0
-9.35,2.5232236037482283e-6,0.0
-9.34,2.519698586140451e-6,0.0
-9.33,2.5158966161496495e-6,0.0
-9.32,2.5118143086194264e-6,0.0
-9.31,2.5074482534521317e-6,0.0
-9.3,2.5027950154967757e-6,0.0
-9.29,2.4978511344371044e-6,0.0
-9.28,2.4926131246797687e-6,0.0
-9.27,2.4870774752425216e-6,0.0
-9.26,2.4812406496427235e-6,0.0
-9.25,2.475099085785701e-6,0.0
-9.24,2.4686491958535155e-6,0.0
-9.23,2.4618873661937116e-6,0.0
-9.22,2.454809957208314e-6,0.0
-9.21,2.447413303242969e-6,0.0
-9.2,2.439693712476262e-6,0.0
-9.19,2.431647466809297e-6,0.0
-9.18,2.423270821755412e-6,0.0
-9.17,2.4145600063301875e-6,0.0
-9.16,2.405511222941652e-6,0.0
-9.15,2.3961206472807515e-6,0.0
-9.14,2.3863844282121152e-6,0.0
-9.13,2.3762986876650217e-6,0.0
-9.12,2.3658595205247574e-6,0.0
-9.11,2.3550629945242875e-6,0.0
-9.1,2.3439051501360766e-6,0.0
-9.09,2.332382000464474e-6,0.0
-9.08,2.3204895311383174e-6,0.0
-9.07,2.3082237002039573e-6,0.0
-9.06,2.2955804380186204e-6,0.0
-9.05,2.2825556471441973e-6,0.0
-9.04,2.2691452022414826e-6,0.0
-9.03,2.255344949964782e-6,0.0
-9.02,2.241150708856969e-6,0.0
-9.01,2.2265582692451374e-6,0.0
-9.0,2.211563393136489e-6,0.0
-8.99,2.196161814114971e-6,0.0
-8.98,2.180349237238332e-6,0.0
-8.97,2.164121338935603e-6,0.0
-8.96,2.147473766905341e-6,0.0
-8.95,2.1304021400143183e-6,0.0
-8.94,2.112902048196798e-6,0.0
-8.93,2.0949690523544526e-6,0.0
-8.92,2.076598684256982e-6,0.0
-8.91,2.0577864464431835e-6,0.0
-8.9,2.0385278121229347e-6,0.0
-8.89,2.0188182250796948e-6,0.0
-8.88,1.9986530995738274e-6,0.0
-8.87,1.978027820246533e-6,0.0
-8.86,1.9569377420247094e-6,0.0
-8.85,1.935378190026405e-6,0.0
-8.84,1.9133444594672263e-6,0.0
-8.83,1.8908318155674683e-6,0.0
-8.82,1.867835493460155e-6,0.0
-8.81,1.8443506980998954e-6,0.0
-8.8,1.8203726041726824e-6,0.0
-8.79,1.7958963560065655e-6,0.0
-8.78,1.7709170674833795e-6,0.0
-8.77,1.745429821951177e-6,0.0
-8.76,1.7194296721380493e-6,0.0
-8.75,1.692911640066567e-6,0.0
-8.74,1.6658707169695523e-6,0.0
-8.73,1.6383018632067806e-6,0.0
-8.72,1.6102000081828686e-6,0.0
-8.71,1.5815600502662275e-6,0.0
-8.7,1.5523768567091293e-6,0.0
-8.69,1.5226452635691507e-6,0.0
-8.68,1.492360075631586e-6,0.0
-8.67,1.4615160663333502e-6,0.0
-8.66,1.4301079776878597e-6,0.0
-8.65,1.3981305202115503e-6,0.0
-8.64,1.3655783728514733e-6,0.0
-8.63,1.332446182914399e-6,0.0
-8.62,1.2987285659972698e-6,0.0
-8.61,1.2644201059190796e-6,0.0
-8.6,1.2295153546542328e-6,0.0
-8.59,1.1940088322674432e-6,0.0
-8.58,1.1578950268500447e-6,0.0
-8.57,1.1211683944580334e-6,0.0
-8.56,1.0838233590516112e-6,0.0
-8.55,1.0458543124363457e-6,0.0
-8.54,1.0072556142061045e-6,0.0
-8.53,9.680215916876291e-7,0.0
-8.52,9.281465398868348e-7,0.0
-8.51,8.87624721437047e-7,0.0
-8.5,8.464503665488358e-7,0.0
-8.49,8.046176729620037e-7,0.0
-8.48,7.62120805899137e-7,0.0
-8.47,7.189538980214137e-7,0.0
-8.46,6.751110493862451e-7,0.0
-8.45,6.305863274069829e-7,0.0
-8.44,5.853737668146953e-7,0.0
-8.43,5.394673696220949e-7,0.0
-8.42,4.92861105089525e-7,0.0
-8.41,4.455489096932887e-7,0.0
-8.4,3.975246870961583e-7,0.0
-8.39,3.487823081202214e-7,0.0
-8.38,2.993156107218896e-7,0.0
-8.37,2.491183999697311e-7,0.0
-8.36,1.9818444802416985e-7,0.0
-8.35,1.4650749412022483e-7,0.0
-8.34,9.408124455228928e-8,0.0
-8.33,4.089937266203273e-8,0.0
-8.32,-1.3044481171630485e-8,0.0
-8.31,-6.77567095393463e-8,0.0
-8.3,-1.232437380057456e-7,0.0
-8.29,-1.7951202511092911e-7,0.0
-8.28,-2.3656806236901926e-7,0.0
-8.27,-2.9441837426400857e-7,0.0
-8.26,-3.530695182424095e-7,0.0
-8.25,-4.125280847030639e-7,0.0
-8.24,-4.728006969836608e-7,0.0
-8.23,-5.338940113444163e-7,0.0
-8.22,-5.958147169481986e-7,0.0
-8.21,-6.585695358376541e-7,0.0
-8.2,-7.221652229088719e-7,0.0
-8.19,-7.866085658817332e-7,0.0
-8.18,-8.519063852666396e-7,0.0
-8.17,-9.180655343280234e-7,0.0
-8.16,-9.850928990439863e-7,0.0
-8.15,-1.0529953980623939e-6,0.0
-8.14,-1.1217799826533386e-6,0.0
-8.13,-1.1914536366575963e-6,0.0
-8.12,-1.2620233764314602e-6,0.0
-8.11,-1.3334962507874359e-6,0.0
-8.1,-1.4058793409311073e-6,0.0
-8.09,-1.4791797603938013e-6,0.0
-8.08,-1.5534046549612305e-6,0.0
-8.07,-1.6285612025976345e-6,0.0
-8.06,-1.7046566133660089e-6,0.0
-8.05,-1.7816981293436086e-6,0.0
-8.04,-1.8596930245331743e-6,0.0
-8.03,-1.938648604769623e-6,0.0
-8.02,-2.0185722076218748e-6,0.0
-8.01,-2.0994712022903387e-6,0.0
-8.0,-2.181352989499357e-6,0.0
-7.99,-2.264225001384751e-6,0.0
-7.98,-2.3480947013766008e-6,0.0
-7.97,-2.4329695840767793e-6,0.0
-7.96,-2.518857175131395e-6,0.0
-7.95,-2.6057650310980665e-6,0.0
-7.94,-2.6937007393077923e-6,0.0
-7.93,-2.782671917721412e-6,0.0
-7.92,-2.8726862147806287e-6,0.0
-7.91,-2.963751309253145e-6,0.0
-7.9,-3.0558749100726437e-6,0.0
-7.89,-3.149064756172216e-6,0.0
-7.88,-3.2433286163125056e-6,0.0
-7.87,-3.338674288903452e-6,0.0
-7.86,-3.435109601820218e-6,0.0
-7.85,-3.5326424122126074e-6,0.0
-7.84,-3.631280606308093e-6,0.0
-7.83,-3.731032099208916e-6,0.0
-7.82,-3.8319048346819395e-6,0.0
-7.81,-3.933906784942427e-6,0.0
-7.8,-4.0370459504305e-6,0.0
-7.79,-4.141330359581242e-6,0.0
-7.78,-4.246768068587381e-6,0.0
-7.77,-4.353367161154808e-6,0.0
-7.76,-4.4611357482512774e-6,0.0
-7.75,-4.5700819678472515e-6,0.0
-7.74,-4.680213984649307e-6,0.0
-7.73,-4.791539989826263e-6,0.0
-7.72,-4.9040682007270686e-6,0.0
-7.71,-5.017806860591092e-6,0.0
-7.7,-5.132764238250181e-6,0.0
-7.69,-5.248948627822846e-6,0.0
-7.68,-5.366368348399709e-6,0.0
-7.67,-5.485031743720881e-6,0.0
-7.66,-5.604947181844604e-6,0.0
-7.65,-5.726123054807114e-6,0.0
-7.64,-5.848567778273682e-6,0.0
-7.63,-5.972289791180544e-6,0.0
-7.62,-6.097297555367832e-6,0.0
-7.61,-6.223599555203111e-6,0.0
-7.6,-6.3512042971951014e-6,0.0
-7.59,-6.48012030959821e-6,0.0
-7.58,-6.610356142007174e-6,0.0
-7.57,-6.741920364941292e-6,0.0
-7.56,-6.874821569419243e-6,0.0
-7.55,-7.009068366522851e-6,0.0
-7.54,-7.1446693869509555e-6,0.0
-7.53,-7.281633280562381e-6,0.0
-7.52,-7.4199687159079814e-6,0.0
-7.51,-7.559684379751918e-6,0.0
-7.5,-7.70078897658157e-6,0.0
-7.49,-7.843291228106244e-6,0.0
-7.48,-7.987199872744145e-6,0.0
-7.47,-8.132523665097595e-6,0.0
-7.46,-8.279271375416638e-6,0.0
-7.45,-8.427451789049992e-6,0.0
-7.44,-8.577073705884228e-6,0.0
-7.43,-8.728145939769852e-6,0.0
-7.42,-8.880677317935048e-6,0.0
-7.41,-9.03467668038645e-6,0.0
-7.4,-9.190152879296403e-6,0.0
-7.39,-9.347114778377385e-6,0.0
-7.38,-9.50557125224223e-6,0.0
-7.37,-9.66553118575116e-6,0.0
-7.36,-9.82700347334404e-6,0.0
-7.35,-9.989997018359503e-6,0.0
-7.34,-1.0154520732337958e-5,0.0
-7.33,-1.032058353431137e-5,0.0
-7.32,-1.0488194350077458e-5,0.0
-7.31,-1.0657362111458365e-5,0.0
-7.3,-1.0828095755544356e-5,0.0
-7.29,-1.1000404223921743e-5,0.0
-7.28,-1.1174296461884342e-5,0.0
-7.27,-1.1349781417629463e-5,0.0
-7.26,-1.1526868041436857e-5,0.0
-7.25,-1.1705565284831184e-5,0.0
-7.24,-1.1885882099727176e-5,0.0
-7.23,-1.2067827437557948e-5,0.0
-7.22,-1.2251410248385004e-5,0.0
-7.21,-1.24366394799914e-5,0.0
-7.2,-1.2623524076955623e-5,0.0
-7.19,-1.2812072979708353e-5,0.0
-7.18,-1.3002295123568945e-5,0.0
-7.17,-1.3194199437764065e-5,0.0
-7.16,-1.338779484442655e-5,0.0
-7.15,-1.3583090257574667e-5,0.0
-7.14,-1.3780094582071379e-5,0.0
-7.13,-1.3978816712562999e-5,0.0
-7.12,-1.4179265532398203e-5,0.0
-7.11,-1.4381449912524821e-5,0.0
-7.1,-1.458537871036641e-5,0.0
-7.09,-1.4791060768676542e-5,0.0
-7.08,-1.4998504914371321e-5,0.0
-7.07,-1.5207719957339873e-5,0.0
-7.06,-1.5418714689231526e-5,0.0
-7.05,-1.5631497882220874e-5,0.0
-7.04,-1.584607828774816e-5,0.0
-7.03,-1.6062464635237294e-5,0.0
-7.02,-1.628066563078874e-5,0.0
-7.01,-1.6500689955848047e-5,0.0
-7.0,-1.6722546265849697e-5,0.0
-6.99,-1.6946243188835548e-5,0.0
-6.98,-1.7171789324047172e-5,0.0
-6.97,-1.7399193240492578e-5,0.0
-6.96,-1.7628463475486283e-5,0.0
-6.95,-1.785960853316182e-5,0.0
-6.94,-1.8092636882957382e-5,0.0
-6.93,-1.8327556958073837e-5,0.0
-6.92,-1.8564377153903754e-5,0.0
-6.91,-1.880310582643186e-5,0.0
-6.9,-1.9043751290607123e-5,0.0
-6.89,-1.9286321818683574e-5,0.0
-6.88,-1.9530825638532868e-5,0.0
-6.87,-1.9777270931924472e-5,0.0
-6.86,-2.002566583277625e-5,0.0
-6.85,-2.0276018425371973e-5,0.0
-6.84,-2.0528336742548272e-5,0.0
-6.83,-2.0782628763847705e-5,0.0
-6.82,-2.1038902413639258e-5,0.0
-6.81,-2.1297165559205295e-5,0.0
-6.8,-2.1557426008793895e-5,0.0
-6.79,-2.1819691509637264e-5,0.0
-6.78,-2.2083969745933252e-5,0.0
-6.77,-2.235026833679326e-5,0.0
-6.76,-2.261859483415164e-5,0.0
-6.75,-2.2888956720639416e-5,0.0
-6.74,-2.316136140742e-5,0.0
-6.73,-2.3435816231986374e-5,0.0
-6.72,-2.371232845592041e-5,0.0
-6.71,-2.399090526261187e-5,0.0
-6.7,-2.4271553754937543e-5,0.0
-6.69,-2.45542809529004e-5,0.0
-6.68,-2.483909379122673e-5,0.0
-6.67,-2.5125999116921023e-5,0.0
-6.66,-2.5415003686779814e-5,0.0
-6.65,-2.57061141648599e-5,0.0
-6.64,-2.5999337119905016e-5,0.0
-6.63,-2.6294679022725335e-5,0.0
-6.62,-2.6592146243533924e-5,0.0
-6.61,-2.6891745049235164e-5,0.0
-6.6,-2.7193481600667605e-5,0.0
-6.59,-2.7497361949798707e-5,0.0
-6.58,-2.7803392036870653e-5,0.0
-6.57,-2.8111577687498382e-5,0.0
-6.56,-2.842192460971696e-5,0.0
-6.55,-2.8734438390977226e-5,0.0
-6.54,-2.9049124495092027e-5,0.0
-6.53,-2.9365988259128582e-5,0.0
-6.52,-2.968503489024847e-5,0.0
-6.51,-3.0006269462492694e-5,0.0
-6.5,-3.0329696913512986e-5,0.0
-6.49,-3.065532204124656e-5,0.0
-6.48,-3.09831495005348e-5,0.0
-6.47,-3.1313183799684155e-5,0.0
-6.46,-3.164542929696824e-5,0.0
-6.45,-3.1979890197071574e-5,0.0
-6.44,-3.2316570547471464e-5,0.0
-6.43,-3.2655474234760394e-5,0.0
-6.42,-3.299660498090464e-5,0.0
-6.41,-3.33399663394407e-5,0.0
-6.4,-3.368556169160638e-5,0.0
-6.39,-3.403339424240822e-5,0.0
-6.38,-3.4383467016620545e-5,0.0
-6.37,-3.473578285471921e-5,0.0
-6.36,-3.5090344408745295e-5,0.0
-6.35,-3.5447154138099455e-5,0.0
-6.34,-3.5806214305267247e-5,0.0
-6.33,-3.616752697147002e-5,0.0
-6.32,-3.65310939922453e-5,0.0
-6.31,-3.68969170129514e-5,0.0
-6.3,-3.726499746419774e-5,0.0
-6.29,-3.763533655719814e-5,0.0
-6.28,-3.8007935279046576e-5,0.0
-6.27,-3.838279438791401e-5,0.0
-6.26,-3.875991440816488e-5,0.0
-6.25,-3.913929562539216e-5,0.0
-6.24,-3.952093808136969e-5,0.0
-6.23,-3.9904841568919935e-5,0.0
-6.22,-4.029100562669704e-5,0.0
-6.21,-4.0679429533882225e-5,0.0
-6.2,-4.1070112304790994e-5,0.0
-6.19,-4.1463052683391936e-5,0.0
-6.18,-4.1858249137731975e-5,0.0
-6.17,-4.225569985427158e-5,0.0
-6.16,-4.26554027321232e-5,0.0
-6.15,-4.3057355377198654e-5,0.0
-6.14,-4.3461555096252705e-5,0.0
-6.13,-4.3867998890834344e-5,0.0
-6.12,-4.427668345113393e-5,0.0
-6.11,-4.468760514972957e-5,0.0
-6.1,-4.510076003523083e-5,0.0
-6.09,-4.5516143825815314e-5,0.0
-6.08,-4.5933751902660064e-5,0.0
-6.07,-4.6353579303263334e-5,0.0
-6.06,-4.677562071465654e-5,0.0
-6.05,-4.719987046650408e-5,0.0
-6.04,-4.762632252408739e-5,0.0
-6.03,-4.805497048117662e-5,0.0
-6.02,-4.848580755278188e-5,0.0
-6.01,-4.891882656778481e-5,0.0
-6.0,-4.9354019961450484e-5,0.0
-5.99,-4.979137976781419e-5,0.0
-5.98,-5.0230897611942936e-5,0.0
-5.97,-5.067256470207123e-5,0.0
-5.96,-5.111637182160216e-5,0.0
-5.95,-5.156230932098386e-5,0.0
-5.94,-5.201036710944701e-5,0.0
-5.93,-5.246053464660603e-5,0.0
-5.92,-5.291280093392698e-5,0.0
-5.91,-5.336715450604736e-5,0.0
-5.9,-5.3823583421961536e-5,0.0
-5.89,-5.428207525605293e-5,0.0
-5.88,-5.474261708898471e-5,0.0
-5.87,-5.520519549843806e-5,0.0
-5.86,-5.566979654969731e-5,0.0
-5.85,-5.613640578608094e-5,0.0
-5.84,-5.660500821921728e-5,0.0
-5.83,-5.707558831915556e-5,0.0
-5.82,-5.754813000431861e-5,0.0
-5.81,-5.802261663128916e-5,0.0
-5.8,-5.8499030984425526e-5,0.0
-5.79,-5.8977355265310505e-5,0.0
-5.78,-5.945757108202367e-5,0.0
-5.77,-5.9939659438239207e-5,0.0
-5.76,-6.0423600722143186e-5,0.0
-5.75,-6.090937469516789e-5,0.0
-5.74,-6.139696048054366e-5,0.0
-5.73,-6.188633655165934e-5,0.0
-5.72,-6.237748072023257e-5,0.0
-5.71,-6.287037012428605e-5,0.0
-5.7,-6.33649812159242e-5,0.0
-5.69,-6.386128974891055e-5,0.0
-5.68,-6.435927076604e-5,0.0
-5.67,-6.48588985863028e-5,0.0
-5.66,-6.536014679183694e-5,0.0
-5.65,-6.586298821466822e-5,0.0
-5.64,-6.636739492322731e-5,0.0
-5.63,-6.687333820865034e-5,0.0
-5.62,-6.738078857085024e-5,0.0
-5.61,-6.788971570435812e-5,0.0
-5.6,-6.840008848393483e-5,0.0
-5.59,-6.891187494994174e-5,0.0
-5.58,-6.94250422934729e-5,0.0
-5.57,-6.993955684124039e-5,0.0
-5.56,-7.04553840402114e-5,0.0
-5.55,-7.097248844199228e-5,0.0
-5.54,-7.14908336869533e-5,0.0
-5.53,-7.201038248809261e-5,0.0
-5.52,-7.253109661463452e-5,0.0
-5.51,-7.305293687535513e-5,0.0
-5.5,-7.357586310163339e-5,0.0
-5.49,-7.409983413022375e-5,0.0
-5.48,-7.462480778574046e-5,0.0
-5.47,-7.515074086285648e-5,0.0
-5.46,-7.567758910820356e-5,0.0
-5.45,-7.620530720197793e-5,0.0
-5.44,-7.673384873923755e-5,0.0
-5.43,-7.726316621089103e-5,0.0
-5.42,-7.779321098437119e-5,0.0
-5.41,-7.832393328399147e-5,0.0
-5.4,-7.885528217097192e-5,0.0
-5.39,-7.93872055231378e-5,0.0
-5.38,-7.991965001427912e-5,0.0
-5.37,-8.04525610931688e-5,0.0
-5.36,-8.09858829622342e-5,0.0
-5.35,-8.151955855587087e-5,0.0
-5.34,-8.205352951839665e-5,0.0
-5.33,-8.25877361816447e-5,0.0
-5.32,-8.312211754217362e-5,0.0
-5.31,-8.365661123811005e-5,0.0
-5.3,-8.419115352559619e-5,0.0
-5.29,-8.472567925485168e-5,0.0
-5.28,-8.526012184583136e-5,0.0
-5.27,-8.579441326348257e-5,0.0
-5.26,-8.632848399258564e-5,0.0
-5.25,-8.686226301217348e-5,0.0
-5.24,-8.739567776953316e-5,0.0
-5.23,-8.792865415375974e-5,0.0
-5.22,-8.846111646887775e-5,0.0
-5.21,-8.899298740650963e-5,0.0
-5.2,-8.952418801808936e-5,0.0
-5.19,-9.005463768660475e-5,0.0
-5.18,-9.058425409787521e-5,0.0
-5.17,-9.111295321134013e-5,0.0
-5.16,-9.164064923036163e-5,0.0
-5.15,-9.21672545720266e-5,0.0
-5.14,-9.269267983644648e-5,0.0
-5.13,-9.321683377553121e-5,0.0
-5.12,-9.373962326125092e-5,0.0
-5.11,-9.426095325335214e-5,0.0
-5.1,-9.47807267665386e-5,0.0
-5.09,-9.529884483709257e-5,0.0
-5.08,-9.581520648894095e-5,0.0
-5.07,-9.632970869914045e-5,0.0
-5.06,-9.68422463627884e-5,0.0
-5.05,-9.735271225733337e-5,0.0
-5.04,-9.786099700628644e-5,0.0
-5.03,-9.836698904232e-5,0.0
-5.02,-9.887057456973828e-5,0.0
-5.01,-9.937163752631312e-5,0.0
-5.0,-9.987005954447249e-5,0.0
-4.99,-0.00010036571991183343,0.0
-4.98,-0.00010085849553106177,0.0
-4.97,-0.00010134826087904767,0.0
-4.96,-0.00010183488796539447,0.0
-4.95,-0.00010231824629019237,0.0
-4.94,-0.00010279820280107827,0.0
-4.93,-0.0001032746218495631,0.0
-4.92,-0.00010374736514661147,0.0
-4.91,-0.00010421629171746563,0.0
-4.9,-0.00010468125785569796,0.0
-4.89,-0.00010514211707647363,0.0
-4.88,-0.00010559872006901653,0.0
-4.87,-0.00010605091464826338,0.0
-4.86,-0.00010649854570568184,0.0
-4.85,-0.00010694145515925122,0.0
-4.84,-0.00010737948190258086,0.0
-4.83,-0.00010781246175315591,0.0
-4.82,-0.0001082402273996906,0.0
-4.81,-0.00010866260834857553,0.0
-4.8,-0.00010907943086940388,0.0
-4.79,-0.00010949051793955405,0.0
-4.78,-0.00010989568918782198,0.0
-4.77,-0.0001102947608370698,0.0
-4.76,-0.00011068754564589127,0.0
-4.75,-0.00011107385284926353,0.0
-4.74,-0.0001114534880981681,0.0
-4.73,-0.00011182625339816842,0.0
-4.72,-0.00011219194704691967,0.0
-4.71,-0.00011255036357058893,0.0
-4.7,-0.0001129012936591768,0.0
-4.69,-0.0001132445241007038,0.0
-4.68,-0.00011357983771425451,0.0
-4.67,-0.00011390701328185473,0.0
-4.66,-0.00011422582547915203,0.0
-4.65,-0.00011453604480489421,0.0
-4.64,-0.00011483743750916302,0.0
-4.63,-0.00011512976552035722,0.0
-4.62,-0.0001154127863708926,0.0
-4.61,-0.0001156862531215978,0.0
-4.6,-0.00011594991428478034,0.0
-4.59,-0.00011620351374594254,0.0
-4.58,-0.00011644679068411293,0.0
-4.57,-0.00011667947949077524,0.0
-4.56,-0.00011690130968737107,0.0
-4.55,-0.00011711200584133656,0.0
-4.54,-0.00011731128748065765,0.0
-4.53,-0.00011749886900691415,0.0
-4.52,-0.00011767445960677734,0.0
-4.51,-0.00011783776316194347,0.0
-4.5,-0.00011798847815745478,0.0
-4.49,-0.00011812629758840287,0.0
-4.48,-0.00011825090886496434,0.0
-4.47,-0.00011836199371573942,0.0
-4.46,-0.00011845922808937088,0.0
-4.45,-0.00011854228205440162,0.0
-4.44,-0.00011861081969734229,0.0
-4.43,-0.00011866449901890857,0.0
-4.42,-0.00011870297182839936,0.0
-4.41,-0.0001187258836361816,0.0
-4.4,-0.00011873287354423624,0.0
-4.39,-0.00011872357413473556,0.0
-4.38,-0.00011869761135661387,0.0
-4.37,-0.00011865460441008919,0.0
-4.36,-0.00011859416562909869,0.0
-4.35,-0.00011851590036160626,0.0
-4.34,-0.0001184194068477455,0.0
-4.33,-0.00011830427609574597,0.0
-4.32,-0.00011817009175561067,0.0
-4.31,-0.00011801642999049725,0.0
-4.3,-0.00011784285934575126,0.0
-4.29,-0.00011764894061555965,0.0
-4.28,-0.0001174342267071639,0.0
-4.27,-0.00011719826250259227,0.0
-4.26,-0.00011694058471786201,0.0
-4.25,-0.00011666072175960159,0.0
-4.24,-0.00011635819357904014,0.0
-4.23,-0.00011603251152331072,0.0
-4.22,-0.00011568317818402683,0.0
-4.21,-0.00011530968724305403,0.0
-4.2,-0.00011491152331544947,0.0
-4.19,-0.00011448816178949004,0.0
-4.18,-0.00011403906866374255,0.0
-4.17,-0.00011356370038111732,0.0
-4.16,-0.00011306150365983959,0.0
-4.15,-0.00011253191532128114,0.0
-4.14,-0.00011197436211458587,0.0
-4.13,-0.00011138826053803399,0.0
-4.12,-0.00011077301665705869,0.0
-4.11,-0.00011012802591887855,0.0
-4.1,-0.00010945267296364912,0.0
-4.09,-0.00010874633143207636,0.0
-4.08,-0.0001080083637694229,0.0
-4.07,-0.0001072381210258255,0.0
-4.06,-0.00010643494265285369,0.0
-4.05,-0.00010559815629623465,0.0
-4.04,-0.00010472707758466501,0.0
-4.03,-0.00010382100991461926,0.0
-4.02,-0.00010287924423109658,0.0
-4.01,-0.00010190105880419751,0.0
-4.0,-0.00010088571900145932,0.0
-3.99,-9.983247705585986e-5,0.0
-3.98,-9.874057182939978e-5,0.0
-3.97,-9.760922857217045e-5,0.0
-3.96,-9.643765867681867e-5,0.0
-3.95,-9.522505942830826e-5,0.0
-3.94,-9.397061374888248e-5,0.0
-3.93,-9.26734899381243e-5,0.0
-3.92,-9.133284140802508e-5,0.0
-3.91,-8.994780641293919e-5,0.0
-3.9,-8.85175077743255e-5,0.0
-3.89,-8.704105260017489e-5,0.0
-3.88,-8.551753199899628e-5,0.0
-3.87,-8.394602078826346e-5,0.0
-3.86,-8.232557719718936e-5,0.0
-3.85,-8.065524256371904e-5,0.0
-3.84,-7.893404102561596e-5,0.0
-3.83,-7.716097920552341e-5,0.0
-3.82,-7.533504588984554e-5,0.0
-3.81,-7.345521170136177e-5,0.0
-3.8,-7.152042876540142e-5,0.0
-3.79,-6.952963036945618e-5,0.0
-3.78,-6.748173061609566e-5,0.0
-3.77,-6.537562406902336e-5,0.0
-3.76,-6.321018539215475e-5,0.0
-3.75,-6.0984268981540455e-5,0.0
-3.74,-5.869670858998339e-5,0.0
-3.73,-5.6346316944216375e-5,0.0
-3.72,-5.3931885354442655e-5,0.0
-3.71,-5.1452183316105034e-5,0.0
-3.7,-4.890595810368855e-5,0.0
-3.69,-4.629193435641322e-5,0.0
-3.68,-4.36088136555995e-5,0.0
-3.67,-4.085527409356624e-5,0.0
-3.66,-3.802996983383865e-5,0.0
-3.65,-3.513153066251241e-5,0.0
-3.64,-3.215856153053388e-5,0.0
-3.63,-2.910964208673919e-5,0.0
-3.62,-2.598332620142055e-5,0.0
-3.61,-2.2778141480220966e-5,0.0
-3.6,-1.9492588768133435e-5,0.0
-3.59,-1.6125141643401224e-5,0.0
-3.58,-1.267424590106888e-5,0.0
-3.57,-9.138319025973973e-6,0.0
-3.56,-5.515749654938433e-6,0.0
-3.55,-1.8048970279045403e-6,0.0
-3.54,1.9959095722303953e-6,0.0
-3.53,5.888371391302025e-6,0.0
-3.52,9.874220787411576e-6,0.0
-3.51,1.3955221826526607e-5,0.0
-3.5,1.8133170890421498e-5,0.0
-3.49,2.2409897297279917e-5,0.0
-3.48,2.678726393519857e-5,0.0
-3.47,3.1267167908923104e-5,0.0
-3.46,3.585154120010657e-5,0.0
-3.45,4.0542351341396595e-5,0.0
-3.44,4.534160210467688e-5,0.0
-3.43,5.025133420378622e-5,0.0
-3.42,5.5273626012060736e-5,0.0
-3.41,6.041059429501893e-5,0.0
-3.4,6.566439495857198e-5,0.0
-3.39,7.103722381309716e-5,0.0
-3.38,7.653131735375122e-5,0.0
-3.37,8.214895355741536e-5,0.0
-3.36,8.789245269664636e-5,0.0
-3.35,9.376417817104489e-5,0.0
-3.34,9.976653735643895e-5,0.0
-3.33,0.00010590198247233446,0.0
-3.32,0.00011217301146800099,0.0
-3.31,0.00011858216892773439,0.0
-3.3,0.000125132046995639,0.0
-3.29,0.00013182528632049747,0.0
-3.28,0.000138664577021144,0.0
-3.27,0.0001456526596728441,0.0
-3.26,0.00015279232631521073,0.0
-3.25,0.00016008642148216027,0.0
-3.24,0.00016753784325442084,0.0
-3.23,0.00017514954433518412,0.0
-3.22,0.00018292453314940852,0.0
-3.21,0.0001908658749674088,0.0
-3.2,0.00019897669305326854,0.0
-3.19,0.00020726016983872863,0.0
-3.18,0.00021571954812313064,0.0
-3.17,0.0002243581323001158,0.0
-3.16,0.00023317928961167204,0.0
-3.15,0.00024218645143026516,0.0
-3.14,0.00025138311456969893,0.0
-3.13,0.0002607728426254674,0.0
-3.12,0.0002703592673452835,0.0
-3.11,0.0002801460900305856,0.0
-3.1,0.00029013708296976104,0.0
-3.09,0.0003003360909038985,0.0
-3.08,0.000310747032525907,0.0
-3.07,0.00032137390201378773,0.0
-3.06,0.0003322207705989903,0.0
-3.05,0.00034329178817070407,0.0
-3.04,0.0003545911849170011,0.0
-3.03,0.00036612327300379415,0.0
-3.02,0.0003778924482925301,0.0
-3.01,0.0003899031920976965,0.0
-3.0,0.0004021600729850503,0.0
