x,V
-2527.092,0.0
-2526.092,0.0
-2525.092,0.0
-2524.092,0.0
-2523.092,0.0
-2522.092,0.0
-2521.092,0.0
-2520.092,0.0
-2519.092,0.0
-2518.092,0.0
-2517.092,0.0
-2516.092,0.0
-2515.092,0.0
-2514.092,0.0
-2513.092,0.0
-2512.092,0.0
-2511.092,0.0
-2510.092,0.0
-2509.092,0.0
-2508.092,0.0
-2507.092,0.0
-2506.092,0.0
-2505.092,0.0
-2504.092,0.0
-2503.092,0.0
-2502.092,0.0
-2501.092,0.0
-2500.092,0.0
-2499.092,0.0
-2498.092,0.0
-2497.092,0.0
-2496.092,0.0
-2495.092,0.0
-2494.092,0.0
-2493.092,0.0
-2492.092,0.0
-2491.092,0.0
-2490.092,0.0
-2489.092,0.0
-2488.092,0.0
-2487.092,0.0
-2486.092,0.0
-2485.092,0.0
-2484.092,0.0
-2483.092,0.0
-2482.092,0.0
-2481.092,0.0
-2480.092,0.0
-2479.092,0.0
-2478.092,0.0
-2477.092,0.0
-2476.092,0.0
-2475.092,0.0
-2474.092,0.0
-2473.092,0.0
-2472.092,0.0
-2471.092,0.0
-2470.092,0.0
-2469.092,0.0
-2468.092,0.0
-2467.092,0.0
-2466.092,0.0
-2465.092,0.0
-2464.092,0.0
-2463.092,0.0
-2462.092,0.0
-2461.092,0.0
-2460.092,0.0
-2459.092,0.0
-2458.092,0.0
-2457.092,0.0
-2456.092,0.0
-2455.092,0.0
-2454.092,0.0
-2453.092,0.0
-2452.092,0.0
-2451.092,0.0
-2450.092,0.0
-2449.092,0.0
-2448.092,0.0
-2447.092,0.0
-2446.092,0.0
-2445.092,0.0
-2444.092,0.0
-2443.092,0.0
-2442.092,0.0
-2441.092,0.0
-2440.092,0.0
-2439.092,0.0
-2438.092,0.0
-2437.092,0.0
-2436.092,0.0
-2435.092,0.0
-2434.092,0.0
-2433.092,0.0
-2432.092,0.0
-2431.092,0.0
-2430.092,0.0
-2429.092,0.0
-2428.092,0.0
-2427.092,0.0
-2426.092,0.0
-2425.092,0.0
-2424.092,0.0
-2423.092,0.0
-2422.092,0.0
-2421.092,0.0
-2420.092,0.0
-2419.092,0.0
-2418.092,0.0
-2417.092,0.0
-2416.092,0.0
-2415.092,0.0
-2414.092,0.0
-2413.092,0.0
-2412.092,0.0
-2411.092,0.0
-2410.092,0.0
-2409.092,0.0
-2408.092,0.0
-2407.092,0.0
-2406.092,0.0
-2405.092,0.0
-2404.092,0.0
-2403.092,0.0
-2402.092,0.0
-2401.092,0.0
-2400.092,0.0
-2399.092,0.0
-2398.092,0.0
-2397.092,0.0
-2396.092,0.0
-2395.092,0.0
-2394.092,0.0
-2393.092,0.0
-2392.092,0.0
-2391.092,0.0
-2390.092,0.0
-2389.092,0.0
-2388.092,0.0
-2387.092,0.0
-2386.092,0.0
-2385.092,0.0
-2384.092,0.0
-2383.092,0.0
-2382.092,0.0
-2381.092,0.0
-2380.092,0.0
-2379.092,0.0
-2378.092,0.0
-2377.092,0.0
-2376.092,0.0
-2375.092,0.0
-2374.092,0.0
-2373.092,0.0
-2372.092,0.0
-2371.092,0.0
-2370.092,0.0
-2369.092,0.0
-2368.092,0.0
-2367.092,0.0
-2366.092,0.0
-2365.092,0.0
-2364.092,0.0
-2363.092,0.0
-2362.092,0.0
-2361.092,0.0
-2360.092,0.0
-2359.092,0.0
-2358.092,0.0
-2357.092,0.0
-2356.092,0.0
-2355.092,0.0
-2354.092,0.0
-2353.092,0.0
-2352.092,0.0
-2351.092,0.0
-2350.092,0.0
-2349.092,0.0
-2348.092,0.0
-2347.092,0.0
-2346.092,0.0
-2345.092,0.0
-2344.092,0.0
-2343.092,0.0
-2342.092,0.0
-2341.092,0.0
-2340.092,0.0
-2339.092,0.0
-2338.092,0.0
-2337.092,0.0
-2336.092,0.0
-2335.092,0.0
-2334.092,0.0
-2333.092,0.0
-2332.092,0.0
-2331.092,0.0
-2330.092,0.0
-2329.092,0.0
-2328.092,0.0
-2327.092,0.0
-2326.092,0.0
-2325.092,0.0
-2324.092,0.0
-2323.092,0.0
-2322.092,0.0
-2321.092,0.0
-2320.092,0.0
-2319.092,0.0
-2318.092,0.0
-2317.092,0.0
-2316.092,0.0
-2315.092,0.0
-2314.092,0.0
-2313.092,0.0
-2312.092,0.0
-2311.092,0.0
-2310.092,0.0
-2309.092,0.0
-2308.092,0.0
-2307.092,0.0
-2306.092,0.0
-2305.092,0.0
-2304.092,0.0
-2303.092,0.0
-2302.092,0.0
-2301.092,0.0
-2300.092,0.0
-2299.092,0.0
-2298.092,0.0
-2297.092,0.0
-2296.092,0.0
-2295.092,0.0
-2294.092,0.0
-2293.092,0.0
-2292.092,0.0
-2291.092,0.0
-2290.092,0.0
-2289.092,0.0
-2288.092,0.0
-2287.092,0.0
-2286.092,0.0
-2285.092,0.0
-2284.092,0.0
-2283.092,0.0
-2282.092,0.0
-2281.092,0.0
-2280.092,0.0
-2279.092,0.0
-2278.092,0.0
-2277.092,0.0
-2276.092,0.0
-2275.092,0.0
-2274.092,0.0
-2273.092,0.0
-2272.092,0.0
-2271.092,0.0
-2270.092,0.0
-2269.092,0.0
-2268.092,0.0
-2267.092,0.0
-2266.092,0.0
-2265.092,0.0
-2264.092,0.0
-2263.092,0.0
-2262.092,0.0
-2261.092,0.0
-2260.092,0.0
-2259.092,0.0
-2258.092,0.0
-2257.092,0.0
-2256.092,0.0
-2255.092,0.0
-2254.092,0.0
-2253.092,0.0
-2252.092,0.0
-2251.092,0.0
-2250.092,0.0
-2249.092,0.0
-2248.092,0.0
-2247.092,0.0
-2246.092,0.0
-2245.092,0.0
-2244.092,0.0
-2243.092,0.0
-2242.092,0.0
-2241.092,0.0
-2240.092,0.0
-2239.092,0.0
-2238.092,0.0
-2237.092,0.0
-2236.092,0.0
-2235.092,0.0
-2234.092,0.0
-2233.092,0.0
-2232.092,0.0
-2231.092,0.0
-2230.092,0.0
-2229.092,0.0
-2228.092,0.0
-2227.092,0.0
-2226.092,0.0
-2225.092,0.0
-2224.092,0.0
-2223.092,0.0
-2222.092,0.0
-2221.092,0.0
-2220.092,0.0
-2219.092,0.0
-2218.092,0.0
-2217.092,0.0
-2216.092,0.0
-2215.092,0.0
-2214.092,0.0
-2213.092,0.0
-2212.092,0.0
-2211.092,0.0
-2210.092,0.0
-2209.092,0.0
-2208.092,0.0
-2207.092,0.0
-2206.092,0.0
-2205.092,0.0
-2204.092,0.0
-2203.092,0.0
-2202.092,0.0
-2201.092,0.0
-2200.092,0.0
-2199.092,0.0
-2198.092,0.0
-2197.092,0.0
-2196.092,0.0
-2195.092,0.0
-2194.092,0.0
-2193.092,0.0
-2192.092,0.0
-2191.092,0.0
-2190.092,0.0
-2189.092,0.0
-2188.092,0.0
-2187.092,0.0
-2186.092,0.0
-2185.092,0.0
-2184.092,0.0
-2183.092,0.0
-2182.092,0.0
-2181.092,0.0
-2180.092,0.0
-2179.092,0.0
-2178.092,0.0
-2177.092,0.0
-2176.092,0.0
-2175.092,0.0
-2174.092,0.0
-2173.092,0.0
-2172.092,0.0
-2171.092,0.0
-2170.092,0.0
-2169.092,0.0
-2168.092,0.0
-2167.092,0.0
-2166.092,0.0
-2165.092,0.0
-2164.092,0.0
-2163.092,0.0
-2162.092,0.0
-2161.092,0.0
-2160.092,0.0
-2159.092,0.0
-2158.092,0.0
-2157.092,0.0
-2156.092,0.0
-2155.092,0.0
-2154.092,0.0
-2153.092,0.0
-2152.092,0.0
-2151.092,0.0
-2150.092,0.0
-2149.092,0.0
-2148.092,0.0
-2147.092,0.0
-2146.092,0.0
-2145.092,0.0
-2144.092,0.0
-2143.092,0.0
-2142.092,0.0
-2141.092,0.0
-2140.092,0.0
-2139.092,0.0
-2138.092,0.0
-2137.092,0.0
-2136.092,0.0
-2135.092,0.0
-2134.092,0.0
-2133.092,0.0
-2132.092,0.0
-2131.092,0.0
-2130.092,0.0
-2129.092,0.0
-2128.092,0.0
-2127.092,0.0
-2126.092,0.0
-2125.092,0.0
-2124.092,0.0
-2123.092,0.0
-2122.092,0.0
-2121.092,0.0
-2120.092,0.0
-2119.092,0.0
-2118.092,0.0
-2117.092,0.0
-2116.092,0.0
-2115.092,0.0
-2114.092,0.0
-2113.092,0.0
-2112.092,0.0
-2111.092,0.0
-2110.092,0.0
-2109.092,0.0
-2108.092,0.0
-2107.092,0.0
-2106.092,0.0
-2105.092,0.0
-2104.092,0.0
-2103.092,0.0
-2102.092,0.0
-2101.092,0.0
-2100.092,0.0
-2099.092,0.0
-2098.092,0.0
-2097.092,0.0
-2096.092,0.0
-2095.092,0.0
-2094.092,0.0
-2093.092,0.0
-2092.092,0.0
-2091.092,0.0
-2090.092,0.0
-2089.092,0.0
-2088.092,0.0
-2087.092,0.0
-2086.092,0.0
-2085.092,0.0
-2084.092,0.0
-2083.092,0.0
-2082.092,0.0
-2081.092,0.0
-2080.092,0.0
-2079.092,0.0
-2078.092,0.0
-2077.092,0.0
-2076.092,0.0
-2075.092,0.0
-2074.092,0.0
-2073.092,0.0
-2072.092,0.0
-2071.092,0.0
-2070.092,0.0
-2069.092,0.0
-2068.092,0.0
-2067.092,0.0
-2066.092,0.0
-2065.092,0.0
-2064.092,0.0
-2063.092,0.0
-2062.092,0.0
-2061.092,0.0
-2060.092,0.0
-2059.092,0.0
-2058.092,0.0
-2057.092,0.0
-2056.092,0.0
-2055.092,0.0
-2054.092,0.0
-2053.092,0.0
-2052.092,0.0
-2051.092,0.0
-2050.092,0.0
-2049.092,0.0
-2048.092,0.0
-2047.092,0.0
-2046.092,0.0
-2045.092,0.0
-2044.092,0.0
-2043.092,0.0
-2042.092,0.0
-2041.092,0.0
-2040.092,0.0
-2039.092,0.0
-2038.092,0.0
-2037.092,0.0
-2036.092,0.0
-2035.092,0.0
-2034.092,0.0
-2033.092,0.0
-2032.092,0.0
-2031.092,0.0
-2030.092,0.0
-2029.092,0.0
-2028.092,0.0
-2027.092,-20.0
-2026.092,-20.0
-2025.092,-20.0
-2024.092,-20.0
-2023.092,-20.0
-2022.092,-20.0
-2021.092,-20.0
-2020.092,-20.0
-2019.092,-20.0
-2018.092,-20.0
-2017.092,-20.0
-2016.092,-20.0
-2015.092,-20.0
-2014.092,-20.0
-2013.092,-20.0
-2012.092,-20.0
-2011.092,-20.0
-2010.092,-20.0
-2009.092,-20.0
-2008.092,-20.0
-2007.092,-20.0
-2006.092,-20.0
-2005.092,-20.0
-2004.092,-20.0
-2003.092,-20.0
-2002.092,-20.0
-2001.092,-20.0
-2000.092,-20.0
-1999.092,-20.0
-1998.092,-20.0
-1997.092,-20.0
-1996.092,-20.0
-1995.092,-20.0
-1994.092,-20.0
-1993.092,-20.0
-1992.092,-20.0
-1991.092,-20.0
-1990.092,-20.0
-1989.092,-20.0
-1988.092,-20.0
-1987.092,-20.0
-1986.092,-20.0
-1985.092,-20.0
-1984.092,-20.0
-1983.092,-20.0
-1982.092,-20.0
-1981.092,-20.0
-1980.092,-20.0
-1979.092,-20.0
-1978.092,-20.0
-1977.092,-20.0
-1976.092,-20.0
-1975.092,-20.0
-1974.092,-20.0
-1973.092,-20.0
-1972.092,-20.0
-1971.092,-20.0
-1970.092,-20.0
-1969.092,-20.0
-1968.092,-20.0
-1967.092,-20.0
-1966.092,-20.0
-1965.092,-20.0
-1964.092,-20.0
-1963.092,-20.0
-1962.092,-20.0
-1961.092,-20.0
-1960.092,-20.0
-1959.092,-20.0
-1958.092,-20.0
-1957.092,-20.0
-1956.092,-20.0
-1955.092,-20.0
-1954.092,-20.0
-1953.092,-20.0
-1952.092,-20.0
-1951.092,-20.0
-1950.092,-20.0
-1949.092,-20.0
-1948.092,-20.0
-1947.092,-20.0
-1946.092,-20.0
-1945.092,-20.0
-1944.092,-20.0
-1943.092,-20.0
-1942.092,-20.0
-1941.092,-20.0
-1940.092,-20.0
-1939.092,-20.0
-1938.092,-20.0
-1937.092,-20.0
-1936.092,-20.0
-1935.092,-20.0
-1934.092,-20.0
-1933.092,-20.0
-1932.092,-20.0
-1931.092,-20.0
-1930.092,-20.0
-1929.092,-20.0
-1928.092,-20.0
-1927.092,-20.0
-1926.092,-20.0
-1925.092,-20.0
-1924.092,-20.0
-1923.092,-20.0
-1922.092,-20.0
-1921.092,-20.0
-1920.092,-20.0
-1919.092,-20.0
-1918.092,-20.0
-1917.092,-20.0
-1916.092,-20.0
-1915.092,-20.0
-1914.092,-20.0
-1913.092,-20.0
-1912.092,-20.0
-1911.092,-20.0
-1910.092,-20.0
-1909.092,-20.0
-1908.092,-20.0
-1907.092,-20.0
-1906.092,-20.0
-1905.092,-20.0
-1904.092,-20.0
-1903.092,-20.0
-1902.092,-20.0
-1901.092,-20.0
-1900.092,-20.0
-1899.092,-20.0
-1898.092,-20.0
-1897.092,-20.0
-1896.092,-20.0
-1895.092,-20.0
-1894.092,-20.0
-1893.092,-20.0
-1892.092,-20.0
-1891.092,-20.0
-1890.092,-20.0
-1889.092,-20.0
-1888.092,-20.0
-1887.092,-20.0
-1886.092,-20.0
-1885.092,-20.0
-1884.092,-20.0
-1883.092,-20.0
-1882.092,-20.0
-1881.092,-20.0
-1880.092,-20.0
-1879.092,-20.0
-1878.092,-20.0
-1877.092,-20.0
-1876.092,-20.0
-1875.092,-20.0
-1874.092,-20.0
-1873.092,-20.0
-1872.092,-20.0
-1871.092,-20.0
-1870.092,-20.0
-1869.092,-20.0
-1868.092,-20.0
-1867.092,-20.0
-1866.092,-20.0
-1865.092,-20.0
-1864.092,-20.0
-1863.092,-20.0
-1862.092,-20.0
-1861.092,-20.0
-1860.092,-20.0
-1859.092,-20.0
-1858.092,-20.0
-1857.092,-20.0
-1856.092,-20.0
-1855.092,-20.0
-1854.092,-20.0
-1853.092,-20.0
-1852.092,-20.0
-1851.092,-20.0
-1850.092,-20.0
-1849.092,-20.0
-1848.092,-20.0
-1847.092,-20.0
-1846.092,-20.0
-1845.092,-20.0
-1844.092,-20.0
-1843.092,-20.0
-1842.092,-20.0
-1841.092,-20.0
-1840.092,-20.0
-1839.092,-20.0
-1838.092,-20.0
-1837.092,-20.0
-1836.092,-20.0
-1835.092,-20.0
-1834.092,-20.0
-1833.092,-20.0
-1832.092,-20.0
-1831.092,-20.0
-1830.092,-20.0
-1829.092,-20.0
-1828.092,-20.0
-1827.092,-20.0
-1826.092,-20.0
-1825.092,-20.0
-1824.092,-20.0
-1823.092,-20.0
-1822.092,-20.0
-1821.092,-20.0
-1820.092,-20.0
-1819.092,-20.0
-1818.092,-20.0
-1817.092,-20.0
-1816.092,-20.0
-1815.092,-20.0
-1814.092,-20.0
-1813.092,-20.0
-1812.092,-20.0
-1811.092,-20.0
-1810.092,-20.0
-1809.092,-20.0
-1808.092,-20.0
-1807.092,-20.0
-1806.092,-20.0
-1805.092,-20.0
-1804.092,-20.0
-1803.092,-20.0
-1802.092,-20.0
-1801.092,-20.0
-1800.092,-20.0
-1799.092,-20.0
-1798.092,-20.0
-1797.092,-20.0
-1796.092,-20.0
-1795.092,-20.0
-1794.092,-20.0
-1793.092,-20.0
-1792.092,-20.0
-1791.092,-20.0
-1790.092,-20.0
-1789.092,-20.0
-1788.092,-20.0
-1787.092,-20.0
-1786.092,-20.0
-1785.092,-20.0
-1784.092,-20.0
-1783.092,-20.0
-1782.092,-20.0
-1781.092,-20.0
-1780.092,-20.0
-1779.092,-20.0
-1778.092,-20.0
-1777.092,-20.0
-1776.092,-20.0
-1775.092,-20.0
-1774.092,-20.0
-1773.092,-20.0
-1772.092,-20.0
-1771.092,-20.0
-1770.092,-20.0
-1769.092,-20.0
-1768.092,-20.0
-1767.092,-20.0
-1766.092,-20.0
-1765.092,-20.0
-1764.092,-20.0
-1763.092,-20.0
-1762.092,-20.0
-1761.092,-20.0
-1760.092,-20.0
-1759.092,-20.0
-1758.092,-20.0
-1757.092,-20.0
-1756.092,-20.0
-1755.092,-20.0
-1754.092,-20.0
-1753.092,-20.0
-1752.092,-20.0
-1751.092,-20.0
-1750.092,-20.0
-1749.092,-20.0
-1748.092,-20.0
-1747.092,-20.0
-1746.092,-20.0
-1745.092,-20.0
-1744.092,-20.0
-1743.092,-20.0
-1742.092,-20.0
-1741.092,-20.0
-1740.092,-20.0
-1739.092,-20.0
-1738.092,-20.0
-1737.092,-20.0
-1736.092,-20.0
-1735.092,-20.0
-1734.092,-20.0
-1733.092,-20.0
-1732.092,-20.0
-1731.092,-20.0
-1730.092,-20.0
-1729.092,-20.0
-1728.092,-20.0
-1727.092,-20.0
-1726.092,-20.0
-1725.092,-20.0
-1724.092,-20.0
-1723.092,-20.0
-1722.092,-20.0
-1721.092,-20.0
-1720.092,-20.0
-1719.092,-20.0
-1718.092,-20.0
-1717.092,-20.0
-1716.092,-20.0
-1715.092,-20.0
-1714.092,-20.0
-1713.092,-20.0
-1712.092,-20.0
-1711.092,-20.0
-1710.092,-20.0
-1709.092,-20.0
-1708.092,-20.0
-1707.092,-20.0
-1706.092,-20.0
-1705.092,-20.0
-1704.092,-20.0
-1703.092,-20.0
-1702.092,-20.0
-1701.092,-20.0
-1700.092,-20.0
-1699.092,-20.0
-1698.092,-20.0
-1697.092,-20.0
-1696.092,-20.0
-1695.092,-20.0
-1694.092,-20.0
-1693.092,-20.0
-1692.092,-20.0
-1691.092,-20.0
-1690.092,-20.0
-1689.092,-20.0
-1688.092,-20.0
-1687.092,-20.0
-1686.092,-20.0
-1685.092,-20.0
-1684.092,-20.0
-1683.092,-20.0
-1682.092,-20.0
-1681.092,-20.0
-1680.092,-20.0
-1679.092,-20.0
-1678.092,-20.0
-1677.092,-20.0
-1676.092,-20.0
-1675.092,-20.0
-1674.092,-20.0
-1673.092,-20.0
-1672.092,-20.0
-1671.092,-20.0
-1670.092,-20.0
-1669.092,-20.0
-1668.092,-20.0
-1667.092,-20.0
-1666.092,-20.0
-1665.092,-20.0
-1664.092,-20.0
-1663.092,-20.0
-1662.092,-20.0
-1661.092,-20.0
-1660.092,-20.0
-1659.092,-20.0
-1658.092,-20.0
-1657.092,-20.0
-1656.092,-20.0
-1655.092,-20.0
-1654.092,-20.0
-1653.092,-20.0
-1652.092,-20.0
-1651.092,-20.0
-1650.092,-20.0
-1649.092,-20.0
-1648.092,-20.0
-1647.092,-20.0
-1646.092,-20.0
-1645.092,-20.0
-1644.092,-20.0
-1643.092,-20.0
-1642.092,-20.0
-1641.092,-20.0
-1640.092,-20.0
-1639.092,-20.0
-1638.092,-20.0
-1637.092,-20.0
-1636.092,-20.0
-1635.092,-20.0
-1634.092,-20.0
-1633.092,-20.0
-1632.092,-20.0
-1631.092,-20.0
-1630.092,-20.0
-1629.092,-20.0
-1628.092,-20.0
-1627.092,-20.0
-1626.092,-20.0
-1625.092,-20.0
-1624.092,-20.0
-1623.092,-20.0
-1622.092,-20.0
-1621.092,-20.0
-1620.092,-20.0
-1619.092,-20.0
-1618.092,-20.0
-1617.092,-20.0
-1616.092,-20.0
-1615.092,-20.0
-1614.092,-20.0
-1613.092,-20.0
-1612.092,-20.0
-1611.092,-20.0
-1610.092,-20.0
-1609.092,-20.0
-1608.092,-20.0
-1607.092,-20.0
-1606.092,-20.0
-1605.092,-20.0
-1604.092,-20.0
-1603.092,-20.0
-1602.092,-20.0
-1601.092,-20.0
-1600.092,-20.0
-1599.092,-20.0
-1598.092,-20.0
-1597.092,-20.0
-1596.092,-20.0
-1595.092,-20.0
-1594.092,-20.0
-1593.092,-20.0
-1592.092,-20.0
-1591.092,-20.0
-1590.092,-20.0
-1589.092,-20.0
-1588.092,-20.0
-1587.092,-20.0
-1586.092,-20.0
-1585.092,-20.0
-1584.092,-20.0
-1583.092,-20.0
-1582.092,-20.0
-1581.092,-20.0
-1580.092,-20.0
-1579.092,-20.0
-1578.092,-20.0
-1577.092,-20.0
-1576.092,-20.0
-1575.092,-20.0
-1574.092,-20.0
-1573.092,-20.0
-1572.092,-20.0
-1571.092,-20.0
-1570.092,-20.0
-1569.092,-20.0
-1568.092,-20.0
-1567.092,-20.0
-1566.092,-20.0
-1565.092,-20.0
-1564.092,-20.0
-1563.092,-20.0
-1562.092,-20.0
-1561.092,-20.0
-1560.092,-20.0
-1559.092,-20.0
-1558.092,-20.0
-1557.092,-20.0
-1556.092,-20.0
-1555.092,-20.0
-1554.092,-20.0
-1553.092,-20.0
-1552.092,-20.0
-1551.092,-20.0
-1550.092,-20.0
-1549.092,-20.0
-1548.092,-20.0
-1547.092,-20.0
-1546.092,-20.0
-1545.092,-20.0
-1544.092,-20.0
-1543.092,-20.0
-1542.092,-20.0
-1541.092,-20.0
-1540.092,-20.0
-1539.092,-20.0
-1538.092,-20.0
-1537.092,-20.0
-1536.092,-20.0
-1535.092,-20.0
-1534.092,-20.0
-1533.092,-20.0
-1532.092,-20.0
-1531.092,-20.0
-1530.092,-20.0
-1529.092,-20.0
-1528.092,-20.0
-1527.092,-20.0
-1526.092,-20.0
-1525.092,-20.0
-1524.092,-20.0
-1523.092,-20.0
-1522.092,-20.0
-1521.092,-20.0
-1520.092,-20.0
-1519.092,-20.0
-1518.092,-20.0
-1517.092,-20.0
-1516.092,-20.0
-1515.092,-20.0
-1514.092,-20.0
-1513.092,-20.0
-1512.092,-20.0
-1511.092,-20.0
-1510.092,-20.0
-1509.092,-20.0
-1508.092,-20.0
-1507.092,-20.0
-1506.092,-20.0
-1505.092,-20.0
-1504.092,-20.0
-1503.092,-20.0
-1502.092,-20.0
-1501.092,-20.0
-1500.092,-20.0
-1499.092,-20.0
-1498.092,-20.0
-1497.092,-20.0
-1496.092,-20.0
-1495.092,-20.0
-1494.092,-20.0
-1493.092,-20.0
-1492.092,-20.0
-1491.092,-20.0
-1490.092,-20.0
-1489.092,-20.0
-1488.092,-20.0
-1487.092,-20.0
-1486.092,-20.0
-1485.092,-20.0
-1484.092,-20.0
-1483.092,-20.0
-1482.092,-20.0
-1481.092,-20.0
-1480.092,-20.0
-1479.092,-20.0
-1478.092,-20.0
-1477.092,-20.0
-1476.092,-20.0
-1475.092,-20.0
-1474.092,-20.0
-1473.092,-20.0
-1472.092,-20.0
-1471.092,-20.0
-1470.092,-20.0
-1469.092,-20.0
-1468.092,-20.0
-1467.092,-20.0
-1466.092,-20.0
-1465.092,-20.0
-1464.092,-20.0
-1463.092,-20.0
-1462.092,-20.0
-1461.092,-20.0
-1460.092,-20.0
-1459.092,-20.0
-1458.092,-20.0
-1457.092,-20.0
-1456.092,-20.0
-1455.092,-20.0
-1454.092,-20.0
-1453.092,-20.0
-1452.092,-20.0
-1451.092,-20.0
-1450.092,-20.0
-1449.092,-20.0
-1448.092,-20.0
-1447.092,-20.0
-1446.092,-20.0
-1445.092,-20.0
-1444.092,-20.0
-1443.092,-20.0
-1442.092,-20.0
-1441.092,-20.0
-1440.092,-20.0
-1439.092,-20.0
-1438.092,-20.0
-1437.092,-20.0
-1436.092,-20.0
-1435.092,-20.0
-1434.092,-20.0
-1433.092,-20.0
-1432.092,-20.0
-1431.092,-20.0
-1430.092,-20.0
-1429.092,-20.0
-1428.092,-20.0
-1427.092,-20.0
-1426.092,-20.0
-1425.092,-20.0
-1424.092,-20.0
-1423.092,-20.0
-1422.092,-20.0
-1421.092,-20.0
-1420.092,-20.0
-1419.092,-20.0
-1418.092,-20.0
-1417.092,-20.0
-1416.092,-20.0
-1415.092,-20.0
-1414.092,-20.0
-1413.092,-20.0
-1412.092,-20.0
-1411.092,-20.0
-1410.092,-20.0
-1409.092,-20.0
-1408.092,-20.0
-1407.092,-20.0
-1406.092,-20.0
-1405.092,-20.0
-1404.092,-20.0
-1403.092,-20.0
-1402.092,-20.0
-1401.092,-20.0
-1400.092,-20.0
-1399.092,-20.0
-1398.092,-20.0
-1397.092,-20.0
-1396.092,-20.0
-1395.092,-20.0
-1394.092,-20.0
-1393.092,-20.0
-1392.092,-20.0
-1391.092,-20.0
-1390.092,-20.0
-1389.092,-20.0
-1388.092,-20.0
-1387.092,-20.0
-1386.092,-20.0
-1385.092,-20.0
-1384.092,-20.0
-1383.092,-20.0
-1382.092,-20.0
-1381.092,-20.0
-1380.092,-20.0
-1379.092,-20.0
-1378.092,-20.0
-1377.092,-20.0
-1376.092,-20.0
-1375.092,-20.0
-1374.092,-20.0
-1373.092,-20.0
-1372.092,-20.0
-1371.092,-20.0
-1370.092,-20.0
-1369.092,-20.0
-1368.092,-20.0
-1367.092,-20.0
-1366.092,-20.0
-1365.092,-20.0
-1364.092,-20.0
-1363.092,-20.0
-1362.092,-20.0
-1361.092,-20.0
-1360.092,-20.0
-1359.092,-20.0
-1358.092,-20.0
-1357.092,-20.0
-1356.092,-20.0
-1355.092,-20.0
-1354.092,-20.0
-1353.092,-20.0
-1352.092,-20.0
-1351.092,-20.0
-1350.092,-20.0
-1349.092,-20.0
-1348.092,-20.0
-1347.092,-20.0
-1346.092,-20.0
-1345.092,-20.0
-1344.092,-20.0
-1343.092,-20.0
-1342.092,-20.0
-1341.092,-20.0
-1340.092,-20.0
-1339.092,-20.0
-1338.092,-20.0
-1337.092,-20.0
-1336.092,-20.0
-1335.092,-20.0
-1334.092,-20.0
-1333.092,-20.0
-1332.092,-20.0
-1331.092,-20.0
-1330.092,-20.0
-1329.092,-20.0
-1328.092,-20.0
-1327.092,-20.0
-1326.092,-20.0
-1325.092,-20.0
-1324.092,-20.0
-1323.092,-20.0
-1322.092,-20.0
-1321.092,-20.0
-1320.092,-20.0
-1319.092,-20.0
-1318.092,-20.0
-1317.092,-20.0
-1316.092,-20.0
-1315.092,-20.0
-1314.092,-20.0
-1313.092,-20.0
-1312.092,-20.0
-1311.092,-20.0
-1310.092,-20.0
-1309.092,-20.0
-1308.092,-20.0
-1307.092,-20.0
-1306.092,-20.0
-1305.092,-20.0
-1304.092,-20.0
-1303.092,-20.0
-1302.092,-20.0
-1301.092,-20.0
-1300.092,-20.0
-1299.092,-20.0
-1298.092,-20.0
-1297.092,-20.0
-1296.092,-20.0
-1295.092,-20.0
-1294.092,-20.0
-1293.092,-20.0
-1292.092,-20.0
-1291.092,-20.0
-1290.092,-20.0
-1289.092,-20.0
-1288.092,-20.0
-1287.092,-20.0
-1286.092,-20.0
-1285.092,-20.0
-1284.092,-20.0
-1283.092,-20.0
-1282.092,-20.0
-1281.092,-20.0
-1280.092,-20.0
-1279.092,-20.0
-1278.092,-20.0
-1277.092,-20.0
-1276.092,-20.0
-1275.092,-20.0
-1274.092,-20.0
-1273.092,-20.0
-1272.092,-20.0
-1271.092,-20.0
-1270.092,-20.0
-1269.092,-20.0
-1268.092,-20.0
-1267.092,-20.0
-1266.092,-20.0
-1265.092,-20.0
-1264.092,-20.0
-1263.092,-20.0
-1262.092,-20.0
-1261.092,-20.0
-1260.092,-20.0
-1259.092,-20.0
-1258.092,-20.0
-1257.092,-20.0
-1256.092,-20.0
-1255.092,-20.0
-1254.092,-20.0
-1253.092,-20.0
-1252.092,-20.0
-1251.092,-20.0
-1250.092,-20.0
-1249.092,-20.0
-1248.092,-20.0
-1247.092,-20.0
-1246.092,-20.0
-1245.092,-20.0
-1244.092,-20.0
-1243.092,-20.0
-1242.092,-20.0
-1241.092,-20.0
-1240.092,-20.0
-1239.092,-20.0
-1238.092,-20.0
-1237.092,-20.0
-1236.092,-20.0
-1235.092,-20.0
-1234.092,-20.0
-1233.092,-20.0
-1232.092,-20.0
-1231.092,-20.0
-1230.092,-20.0
-1229.092,-20.0
-1228.092,-20.0
-1227.092,-20.0
-1226.092,-20.0
-1225.092,-20.0
-1224.092,-20.0
-1223.092,-20.0
-1222.092,-20.0
-1221.092,-20.0
-1220.092,-20.0
-1219.092,-20.0
-1218.092,-20.0
-1217.092,-20.0
-1216.092,-20.0
-1215.092,-20.0
-1214.092,-20.0
-1213.092,-20.0
-1212.092,-20.0
-1211.092,-20.0
-1210.092,-20.0
-1209.092,-20.0
-1208.092,-20.0
-1207.092,-20.0
-1206.092,-20.0
-1205.092,-20.0
-1204.092,-20.0
-1203.092,-20.0
-1202.092,-20.0
-1201.092,-20.0
-1200.092,-20.0
-1199.092,-20.0
-1198.092,-20.0
-1197.092,-20.0
-1196.092,-20.0
-1195.092,-20.0
-1194.092,-20.0
-1193.092,-20.0
-1192.092,-20.0
-1191.092,-20.0
-1190.092,-20.0
-1189.092,-20.0
-1188.092,-20.0
-1187.092,-20.0
-1186.092,-20.0
-1185.092,-20.0
-1184.092,-20.0
-1183.092,-20.0
-1182.092,-20.0
-1181.092,-20.0
-1180.092,-20.0
-1179.092,-20.0
-1178.092,-20.0
-1177.092,-20.0
-1176.092,-20.0
-1175.092,-20.0
-1174.092,-20.0
-1173.092,-20.0
-1172.092,-20.0
-1171.092,-20.0
-1170.092,-20.0
-1169.092,-20.0
-1168.092,-20.0
-1167.092,-20.0
-1166.092,-20.0
-1165.092,-20.0
-1164.092,-20.0
-1163.092,-20.0
-1162.092,-20.0
-1161.092,-20.0
-1160.092,-20.0
-1159.092,-20.0
-1158.092,-20.0
-1157.092,-20.0
-1156.092,-20.0
-1155.092,-20.0
-1154.092,-20.0
-1153.092,-20.0
-1152.092,-20.0
-1151.092,-20.0
-1150.092,-20.0
-1149.092,-20.0
-1148.092,-20.0
-1147.092,-20.0
-1146.092,-20.0
-1145.092,-20.0
-1144.092,-20.0
-1143.092,-20.0
-1142.092,-20.0
-1141.092,-20.0
-1140.092,-20.0
-1139.092,-20.0
-1138.092,-20.0
-1137.092,-20.0
-1136.092,-20.0
-1135.092,-20.0
-1134.092,-20.0
-1133.092,-20.0
-1132.092,-20.0
-1131.092,-20.0
-1130.092,-20.0
-1129.092,-20.0
-1128.092,-20.0
-1127.092,-20.0
-1126.092,-20.0
-1125.092,-20.0
-1124.092,-20.0
-1123.092,-20.0
-1122.092,-20.0
-1121.092,-20.0
-1120.092,-20.0
-1119.092,-20.0
-1118.092,-20.0
-1117.092,-20.0
-1116.092,-20.0
-1115.092,-20.0
-1114.092,-20.0
-1113.092,-20.0
-1112.092,-20.0
-1111.092,-20.0
-1110.092,-20.0
-1109.092,-20.0
-1108.092,-20.0
-1107.092,-20.0
-1106.092,-20.0
-1105.092,-20.0
-1104.092,-20.0
-1103.092,-20.0
-1102.092,-20.0
-1101.092,-20.0
-1100.092,-20.0
-1099.092,-20.0
-1098.092,-20.0
-1097.092,-20.0
-1096.092,-20.0
-1095.092,-20.0
-1094.092,-20.0
-1093.092,-20.0
-1092.092,-20.0
-1091.092,-20.0
-1090.092,-20.0
-1089.092,-20.0
-1088.092,-20.0
-1087.092,-20.0
-1086.092,-20.0
-1085.092,-20.0
-1084.092,-20.0
-1083.092,-20.0
-1082.092,-20.0
-1081.092,-20.0
-1080.092,-20.0
-1079.092,-20.0
-1078.092,-20.0
-1077.092,-20.0
-1076.092,-20.0
-1075.092,-20.0
-1074.092,-20.0
-1073.092,-20.0
-1072.092,-20.0
-1071.092,-20.0
-1070.092,-20.0
-1069.092,-20.0
-1068.092,-20.0
-1067.092,-20.0
-1066.092,-20.0
-1065.092,-20.0
-1064.092,-20.0
-1063.092,-20.0
-1062.092,-20.0
-1061.092,-20.0
-1060.092,-20.0
-1059.092,-20.0
-1058.092,-20.0
-1057.092,-20.0
-1056.092,-20.0
-1055.092,-20.0
-1054.092,-20.0
-1053.092,-20.0
-1052.092,-20.0
-1051.092,-20.0
-1050.092,-20.0
-1049.092,-20.0
-1048.092,-20.0
-1047.092,-20.0
-1046.092,-20.0
-1045.092,-20.0
-1044.092,-20.0
-1043.092,-20.0
-1042.092,-20.0
-1041.092,-20.0
-1040.092,-20.0
-1039.092,-20.0
-1038.092,-20.0
-1037.092,-20.0
-1036.092,-20.0
-1035.092,-20.0
-1034.092,-20.0
-1033.092,-20.0
-1032.092,-20.0
-1031.092,-20.0
-1030.092,-20.0
-1029.092,-20.0
-1028.092,-20.0
-1027.092,-20.0
-1026.092,-20.0
-1025.092,-20.0
-1024.092,-20.0
-1023.092,-20.0
-1022.092,-20.0
-1021.092,-20.0
-1020.092,-20.0
-1019.092,-20.0
-1018.092,-20.0
-1017.092,-20.0
-1016.092,-20.0
-1015.092,-20.0
-1014.092,-20.0
-1013.092,-20.0
-1012.092,-20.0
-1011.092,-20.0
-1010.092,-20.0
-1009.092,-20.0
-1008.092,-20.0
-1007.092,-20.0
-1006.092,-20.0
-1005.092,-20.0
-1004.092,-20.0
-1003.092,-20.0
-1002.092,-20.0
-1001.092,-20.0
-1000.092,-20.0
-999.092,-20.0
-998.092,-20.0
-997.092,-20.0
-996.092,-20.0
-995.092,-20.0
-994.092,-20.0
-993.092,-20.0
-992.092,-20.0
-991.092,-20.0
-990.092,-20.0
-989.092,-20.0
-988.092,-20.0
-987.092,-20.0
-986.092,-20.0
-985.092,-20.0
-984.092,-20.0
-983.092,-20.0
-982.092,-20.0
-981.092,-20.0
-980.092,-20.0
-979.092,-20.0
-978.092,-20.0
-977.092,-20.0
-976.092,-20.0
-975.092,-20.0
-974.092,-20.0
-973.092,-20.0
-972.092,-20.0
-971.092,-20.0
-970.092,-20.0
-969.092,-20.0
-968.092,-20.0
-967.092,-20.0
-966.092,-20.0
-965.092,-20.0
-964.092,-20.0
-963.092,-20.0
-962.092,-20.0
-961.092,-20.0
-960.092,-20.0
-959.092,-20.0
-958.092,-20.0
-957.092,-20.0
-956.092,-20.0
-955.092,-20.0
-954.092,-20.0
-953.092,-20.0
-952.092,-20.0
-951.092,-20.0
-950.092,-20.0
-949.092,-20.0
-948.092,-20.0
-947.092,-20.0
-946.092,-20.0
-945.092,-20.0
-944.092,-20.0
-943.092,-20.0
-942.092,-20.0
-941.092,-20.0
-940.092,-20.0
-939.092,-20.0
-938.092,-20.0
-937.092,-20.0
-936.092,-20.0
-935.092,-20.0
-934.092,-20.0
-933.092,-20.0
-932.092,-20.0
-931.092,-20.0
-930.092,-20.0
-929.092,-20.0
-928.092,-20.0
-927.092,-20.0
-926.092,-20.0
-925.092,-20.0
-924.092,-20.0
-923.092,-20.0
-922.092,-20.0
-921.092,-20.0
-920.092,-20.0
-919.092,-20.0
-918.092,-20.0
-917.092,-20.0
-916.092,-20.0
-915.092,-20.0
-914.092,-20.0
-913.092,-20.0
-912.092,-20.0
-911.092,-20.0
-910.092,-20.0
-909.092,-20.0
-908.092,-20.0
-907.092,-20.0
-906.092,-20.0
-905.092,-20.0
-904.092,-20.0
-903.092,-20.0
-902.092,-20.0
-901.092,-20.0
-900.092,-20.0
-899.092,-20.0
-898.092,-20.0
-897.092,-20.0
-896.092,-20.0
-895.092,-20.0
-894.092,-20.0
-893.092,-20.0
-892.092,-20.0
-891.092,-20.0
-890.092,-20.0
-889.092,-20.0
-888.092,-20.0
-887.092,-20.0
-886.092,-20.0
-885.092,-20.0
-884.092,-20.0
-883.092,-20.0
-882.092,-20.0
-881.092,-20.0
-880.092,-20.0
-879.092,-20.0
-878.092,-20.0
-877.092,-20.0
-876.092,-20.0
-875.092,-20.0
-874.092,-20.0
-873.092,-20.0
-872.092,-20.0
-871.092,-20.0
-870.092,-20.0
-869.092,-20.0
-868.092,-20.0
-867.092,-20.0
-866.092,-20.0
-865.092,-20.0
-864.092,-20.0
-863.092,-20.0
-862.092,-20.0
-861.092,-20.0
-860.092,-20.0
-859.092,-20.0
-858.092,-20.0
-857.092,-20.0
-856.092,-20.0
-855.092,-20.0
-854.092,-20.0
-853.092,-20.0
-852.092,-20.0
-851.092,-20.0
-850.092,-20.0
-849.092,-20.0
-848.092,-20.0
-847.092,-20.0
-846.092,-20.0
-845.092,-20.0
-844.092,-20.0
-843.092,-20.0
-842.092,-20.0
-841.092,-20.0
-840.092,-20.0
-839.092,-20.0
-838.092,-20.0
-837.092,-20.0
-836.092,-20.0
-835.092,-20.0
-834.092,-20.0
-833.092,-20.0
-832.092,-20.0
-831.092,-20.0
-830.092,-20.0
-829.092,-20.0
-828.092,-20.0
-827.092,-20.0
-826.092,-20.0
-825.092,-20.0
-824.092,-20.0
-823.092,-20.0
-822.092,-20.0
-821.092,-20.0
-820.092,-20.0
-819.092,-20.0
-818.092,-20.0
-817.092,-20.0
-816.092,-20.0
-815.092,-20.0
-814.092,-20.0
-813.092,-20.0
-812.092,-20.0
-811.092,-20.0
-810.092,-20.0
-809.092,-20.0
-808.092,-20.0
-807.092,-20.0
-806.092,-20.0
-805.092,-20.0
-804.092,-20.0
-803.092,-20.0
-802.092,-20.0
-801.092,-20.0
-800.092,-20.0
-799.092,-20.0
-798.092,-20.0
-797.092,-20.0
-796.092,-20.0
-795.092,-20.0
-794.092,-20.0
-793.092,-20.0
-792.092,-20.0
-791.092,-20.0
-790.092,-20.0
-789.092,-20.0
-788.092,-20.0
-787.092,-20.0
-786.092,-20.0
-785.092,-20.0
-784.092,-20.0
-783.092,-20.0
-782.092,-20.0
-781.092,-20.0
-780.092,-20.0
-779.092,-20.0
-778.092,-20.0
-777.092,-20.0
-776.092,-20.0
-775.092,-20.0
-774.092,-20.0
-773.092,-20.0
-772.092,-20.0
-771.092,-20.0
-770.092,-20.0
-769.092,-20.0
-768.092,-20.0
-767.092,-20.0
-766.092,-20.0
-765.092,-20.0
-764.092,-20.0
-763.092,-20.0
-762.092,-20.0
-761.092,-20.0
-760.092,-20.0
-759.092,-20.0
-758.092,-20.0
-757.092,-20.0
-756.092,-20.0
-755.092,-20.0
-754.092,-20.0
-753.092,-20.0
-752.092,-20.0
-751.092,-20.0
-750.092,-20.0
-749.092,-20.0
-748.092,-20.0
-747.092,-20.0
-746.092,-20.0
-745.092,-20.0
-744.092,-20.0
-743.092,-20.0
-742.092,-20.0
-741.092,-20.0
-740.092,-20.0
-739.092,-20.0
-738.092,-20.0
-737.092,-20.0
-736.092,-20.0
-735.092,-20.0
-734.092,-20.0
-733.092,-20.0
-732.092,-20.0
-731.092,-20.0
-730.092,-20.0
-729.092,-20.0
-728.092,-20.0
-727.092,-20.0
-726.092,-20.0
-725.092,-20.0
-724.092,-20.0
-723.092,-20.0
-722.092,-20.0
-721.092,-20.0
-720.092,-20.0
-719.092,-20.0
-718.092,-20.0
-717.092,-20.0
-716.092,-20.0
-715.092,-20.0
-714.092,-20.0
-713.092,-20.0
-712.092,-20.0
-711.092,-20.0
-710.092,-20.0
-709.092,-20.0
-708.092,-20.0
-707.092,-20.0
-706.092,-20.0
-705.092,-20.0
-704.092,-20.0
-703.092,-20.0
-702.092,-20.0
-701.092,-20.0
-700.092,-20.0
-699.092,-20.0
-698.092,-20.0
-697.092,-20.0
-696.092,-20.0
-695.092,-20.0
-694.092,-20.0
-693.092,-20.0
-692.092,-20.0
-691.092,-20.0
-690.092,-20.0
-689.092,-20.0
-688.092,-20.0
-687.092,-20.0
-686.092,-20.0
-685.092,-20.0
-684.092,-20.0
-683.092,-20.0
-682.092,-20.0
-681.092,-20.0
-680.092,-20.0
-679.092,-20.0
-678.092,-20.0
-677.092,-20.0
-676.092,-20.0
-675.092,-20.0
-674.092,-20.0
-673.092,-20.0
-672.092,-20.0
-671.092,-20.0
-670.092,-20.0
-669.092,-20.0
-668.092,-20.0
-667.092,-20.0
-666.092,-20.0
-665.092,-20.0
-664.092,-20.0
-663.092,-20.0
-662.092,-20.0
-661.092,-20.0
-660.092,-20.0
-659.092,-20.0
-658.092,-20.0
-657.092,-20.0
-656.092,-20.0
-655.092,-20.0
-654.092,-20.0
-653.092,-20.0
-652.092,-20.0
-651.092,-20.0
-650.092,-20.0
-649.092,-20.0
-648.092,-20.0
-647.092,-20.0
-646.092,-20.0
-645.092,-20.0
-644.092,-20.0
-643.092,-20.0
-642.092,-20.0
-641.092,-20.0
-640.092,-20.0
-639.092,-20.0
-638.092,-20.0
-637.092,-20.0
-636.092,-20.0
-635.092,-20.0
-634.092,-20.0
-633.092,-20.0
-632.092,-20.0
-631.092,-20.0
-630.092,-20.0
-629.092,-20.0
-628.092,-20.0
-627.092,-20.0
-626.092,-20.0
-625.092,-20.0
-624.092,-20.0
-623.092,-20.0
-622.092,-20.0
-621.092,-20.0
-620.092,-20.0
-619.092,-20.0
-618.092,-20.0
-617.092,-20.0
-616.092,-20.0
-615.092,-20.0
-614.092,-20.0
-613.092,-20.0
-612.092,-20.0
-611.092,-20.0
-610.092,-20.0
-609.092,-20.0
-608.092,-20.0
-607.092,-20.0
-606.092,-20.0
-605.092,-20.0
-604.092,-20.0
-603.092,-20.0
-602.092,-20.0
-601.092,-20.0
-600.092,-20.0
-599.092,-20.0
-598.092,-20.0
-597.092,-20.0
-596.092,-20.0
-595.092,-20.0
-594.092,-20.0
-593.092,-20.0
-592.092,-20.0
-591.092,-20.0
-590.092,-20.0
-589.092,-20.0
-588.092,-20.0
-587.092,-20.0
-586.092,-20.0
-585.092,-20.0
-584.092,-20.0
-583.092,-20.0
-582.092,-20.0
-581.092,-20.0
-580.092,-20.0
-579.092,-20.0
-578.092,-20.0
-577.092,-20.0
-576.092,-20.0
-575.092,-20.0
-574.092,-20.0
-573.092,-20.0
-572.092,-20.0
-571.092,-20.0
-570.092,-20.0
-569.092,-20.0
-568.092,-20.0
-567.092,-20.0
-566.092,-20.0
-565.092,-20.0
-564.092,-20.0
-563.092,-20.0
-562.092,-20.0
-561.092,-20.0
-560.092,-20.0
-559.092,-20.0
-558.092,-20.0
-557.092,-20.0
-556.092,-20.0
-555.092,-20.0
-554.092,-20.0
-553.092,-20.0
-552.092,-20.0
-551.092,-20.0
-550.092,-20.0
-549.092,-20.0
-548.092,-20.0
-547.092,-20.0
-546.092,-20.0
-545.092,-20.0
-544.092,-20.0
-543.092,-20.0
-542.092,-20.0
-541.092,-20.0
-540.092,-20.0
-539.092,-20.0
-538.092,-20.0
-537.092,-20.0
-536.092,-20.0
-535.092,-20.0
-534.092,-20.0
-533.092,-20.0
-532.092,-20.0
-531.092,-20.0
-530.092,-20.0
-529.092,-20.0
-528.092,-20.0
-527.092,-20.0
-526.092,-20.0
-525.092,-20.0
-524.092,-20.0
-523.092,-20.0
-522.092,-20.0
-521.092,-20.0
-520.092,-20.0
-519.092,-20.0
-518.092,-20.0
-517.092,-20.0
-516.092,-20.0
-515.092,-20.0
-514.092,-20.0
-513.092,-20.0
-512.092,-20.0
-511.092,-20.0
-510.092,-20.0
-509.092,-20.0
-508.092,-20.0
-507.092,-20.0
-506.092,-20.0
-505.092,-20.0
-504.092,-20.0
-503.092,-20.0
-502.092,-20.0
-501.092,-20.0
-500.092,-20.0
-499.092,-20.0
-498.092,-20.0
-497.092,-20.0
-496.092,-20.0
-495.092,-20.0
-494.092,-20.0
-493.092,-20.0
-492.092,-20.0
-491.092,-20.0
-490.092,-20.0
-489.092,-20.0
-488.092,-20.0
-487.092,-20.0
-486.092,-20.0
-485.092,-20.0
-484.092,-20.0
-483.092,-20.0
-482.092,-20.0
-481.092,-20.0
-480.092,-20.0
-479.092,-20.0
-478.092,-20.0
-477.092,-20.0
-476.092,-20.0
-475.092,-20.0
-474.092,-20.0
-473.092,-20.0
-472.092,-20.0
-471.092,-20.0
-470.092,-20.0
-469.092,-20.0
-468.092,-20.0
-467.092,-20.0
-466.092,-20.0
-465.092,-20.0
-464.092,-20.0
-463.092,-20.0
-462.092,-20.0
-461.092,-20.0
-460.092,-20.0
-459.092,-20.0
-458.092,-20.0
-457.092,-20.0
-456.092,-20.0
-455.092,-20.0
-454.092,-20.0
-453.092,-20.0
-452.092,-20.0
-451.092,-20.0
-450.092,-20.0
-449.092,-20.0
-448.092,-20.0
-447.092,-20.0
-446.092,-20.0
-445.092,-20.0
-444.092,-20.0
-443.092,-20.0
-442.092,-20.0
-441.092,-20.0
-440.092,-20.0
-439.092,-20.0
-438.092,-20.0
-437.092,-20.0
-436.092,-20.0
-435.092,-20.0
-434.092,-20.0
-433.092,-20.0
-432.092,-20.0
-431.092,-20.0
-430.092,-20.0
-429.092,-20.0
-428.092,-20.0
-427.092,-20.0
-426.092,-20.0
-425.092,-20.0
-424.092,-20.0
-423.092,-20.0
-422.092,-20.0
-421.092,-20.0
-420.092,-20.0
-419.092,-20.0
-418.092,-20.0
-417.092,-20.0
-416.092,-20.0
-415.092,-20.0
-414.092,-20.0
-413.092,-20.0
-412.092,-20.0
-411.092,-20.0
-410.092,-20.0
-409.092,-20.0
-408.092,-20.0
-407.092,-20.0
-406.092,-20.0
-405.092,-20.0
-404.092,-20.0
-403.092,-20.0
-402.092,-20.0
-401.092,-20.0
-400.092,-20.0
-399.092,-20.0
-398.092,-20.0
-397.092,-20.0
-396.092,-20.0
-395.092,-20.0
-394.092,-20.0
-393.092,-20.0
-392.092,-20.0
-391.092,-20.0
-390.092,-20.0
-389.092,-20.0
-388.092,-20.0
-387.092,-20.0
-386.092,-20.0
-385.092,-20.0
-384.092,-20.0
-383.092,-20.0
-382.092,-20.0
-381.092,-20.0
-380.092,-20.0
-379.092,-20.0
-378.092,-20.0
-377.092,-20.0
-376.092,-20.0
-375.092,-20.0
-374.092,-20.0
-373.092,-20.0
-372.092,-20.0
-371.092,-20.0
-370.092,-20.0
-369.092,-20.0
-368.092,-20.0
-367.092,-20.0
-366.092,-20.0
-365.092,-20.0
-364.092,-20.0
-363.092,-20.0
-362.092,-20.0
-361.092,-20.0
-360.092,-20.0
-359.092,-20.0
-358.092,-20.0
-357.092,-20.0
-356.092,-20.0
-355.092,-20.0
-354.092,-20.0
-353.092,-20.0
-352.092,-20.0
-351.092,-20.0
-350.092,-20.0
-349.092,-20.0
-348.092,-20.0
-347.092,-20.0
-346.092,-20.0
-345.092,-20.0
-344.092,-20.0
-343.092,-20.0
-342.092,-20.0
-341.092,-20.0
-340.092,-20.0
-339.092,-20.0
-338.092,-20.0
-337.092,-20.0
-336.092,-20.0
-335.092,-20.0
-334.092,-20.0
-333.092,-20.0
-332.092,-20.0
-331.092,-20.0
-330.092,-20.0
-329.092,-20.0
-328.092,-20.0
-327.092,-20.0
-326.092,-20.0
-325.092,-20.0
-324.092,-20.0
-323.092,-20.0
-322.092,-20.0
-321.092,-20.0
-320.092,-20.0
-319.092,-20.0
-318.092,-20.0
-317.092,-20.0
-316.092,-20.0
-315.092,-20.0
-314.092,-20.0
-313.092,-20.0
-312.092,-20.0
-311.092,-20.0
-310.092,-20.0
-309.092,-20.0
-308.092,-20.0
-307.092,-20.0
-306.092,-20.0
-305.092,-20.0
-304.092,-20.0
-303.092,-20.0
-302.092,-20.0
-301.092,-20.0
-300.092,-20.0
-299.092,-20.0
-298.092,-20.0
-297.092,-20.0
-296.092,-20.0
-295.092,-20.0
-294.092,-20.0
-293.092,-20.0
-292.092,-20.0
-291.092,-20.0
-290.092,-20.0
-289.092,-20.0
-288.092,-20.0
-287.092,-20.0
-286.092,-20.0
-285.092,-20.0
-284.092,-20.0
-283.092,-20.0
-282.092,-20.0
-281.092,-20.0
-280.092,-20.0
-279.092,-20.0
-278.092,-20.0
-277.092,-20.0
-276.092,-20.0
-275.092,-20.0
-274.092,-20.0
-273.092,-20.0
-272.092,-20.0
-271.092,-20.0
-270.092,-20.0
-269.092,-20.0
-268.092,-20.0
-267.092,-20.0
-266.092,-20.0
-265.092,-20.0
-264.092,-20.0
-263.092,-20.0
-262.092,-20.0
-261.092,-20.0
-260.092,-20.0
-259.092,-20.0
-258.092,-20.0
-257.092,-20.0
-256.092,-20.0
-255.092,-20.0
-254.092,-20.0
-253.092,-20.0
-252.092,-20.0
-251.092,-20.0
-250.092,-20.0
-249.092,-20.0
-248.092,-20.0
-247.092,-20.0
-246.092,-20.0
-245.092,-20.0
-244.092,-20.0
-243.092,-20.0
-242.092,-20.0
-241.092,-20.0
-240.092,-20.0
-239.092,-20.0
-238.092,-20.0
-237.092,-20.0
-236.092,-20.0
-235.092,-20.0
-234.092,-20.0
-233.092,-20.0
-232.092,-20.0
-231.092,-20.0
-230.092,-20.0
-229.092,-20.0
-228.092,-20.0
-227.092,-20.0
-226.092,-20.0
-225.092,-20.0
-224.092,-20.0
-223.092,-20.0
-222.092,-20.0
-221.092,-20.0
-220.092,-20.0
-219.092,-20.0
-218.092,-20.0
-217.092,-20.0
-216.092,-20.0
-215.092,-20.0
-214.092,-20.0
-213.092,-20.0
-212.092,-20.0
-211.092,-20.0
-210.092,-20.0
-209.092,-20.0
-208.092,-20.0
-207.092,-20.0
-206.092,-20.0
-205.092,-20.0
-204.092,-20.0
-203.092,-20.0
-202.092,-20.0
-201.092,-20.0
-200.092,-20.0
-199.092,-20.0
-198.092,-20.0
-197.092,-20.0
-196.092,-20.0
-195.092,-20.0
-194.092,-20.0
-193.092,-20.0
-192.092,-20.0
-191.092,-20.0
-190.092,-20.0
-189.092,-20.0
-188.092,-20.0
-187.092,-20.0
-186.092,-20.0
-185.092,-20.0
-184.092,-20.0
-183.092,-20.0
-182.092,-20.0
-181.092,-20.0
-180.092,-20.0
-179.092,-20.0
-178.092,-20.0
-177.092,-20.0
-176.092,-20.0
-175.092,-20.0
-174.092,-20.0
-173.092,-20.0
-172.092,-20.0
-171.092,-20.0
-170.092,-20.0
-169.092,-20.0
-168.092,-20.0
-167.092,-20.0
-166.092,-20.0
-165.092,-20.0
-164.092,-20.0
-163.092,-20.0
-162.092,-20.0
-161.092,-20.0
-160.092,-20.0
-159.092,-20.0
-158.092,-20.0
-157.092,-20.0
-156.092,-20.0
-155.092,-20.0
-154.092,-20.0
-153.092,-20.0
-152.092,-20.0
-151.092,-20.0
-150.092,-20.0
-149.092,-20.0
-148.092,-20.0
-147.092,-20.0
-146.092,-20.0
-145.092,-20.0
-144.092,-20.0
-143.092,-20.0
-142.092,-20.0
-141.092,-20.0
-140.092,-20.0
-139.092,-20.0
-138.092,-20.0
-137.092,-20.0
-136.092,-20.0
-135.092,-20.0
-134.092,-20.0
-133.092,-20.0
-132.092,-20.0
-131.092,-20.0
-130.092,-20.0
-129.092,-20.0
-128.092,-20.0
-127.092,-20.0
-126.092,-20.0
-125.092,-20.0
-124.092,-20.0
-123.092,-20.0
-122.092,-20.0
-121.092,-20.0
-120.092,-20.0
-119.092,-20.0
-118.092,-20.0
-117.092,-20.0
-116.092,-20.0
-115.092,-20.0
-114.092,-20.0
-113.092,-20.0
-112.092,-20.0
-111.092,-20.0
-110.092,-20.0
-109.092,-20.0
-108.092,-20.0
-107.092,-20.0
-106.092,-20.0
-105.092,-20.0
-104.092,-20.0
-103.092,-20.0
-102.092,-20.0
-101.092,-20.0
-100.092,-20.0
-99.092,-20.0
-98.092,-20.0
-97.092,-20.0
-96.092,-20.0
-95.092,-20.0
-94.092,-20.0
-93.092,-20.0
-92.092,-20.0
-91.092,-20.0
-90.092,-20.0
-89.092,-20.0
-88.092,-20.0
-87.092,-20.0
-86.092,-20.0
-85.092,-20.0
-84.092,-20.0
-83.092,-20.0
-82.092,-20.0
-81.092,-20.0
-80.092,-20.0
-79.092,-20.0
-78.092,-20.0
-77.092,-20.0
-76.092,-20.0
-75.092,-20.0
-74.092,-20.0
-73.092,-20.0
-72.092,-20.0
-71.092,-20.0
-70.092,-20.0
-69.092,-20.0
-68.092,-20.0
-67.092,-20.0
-66.092,-20.0
-65.092,-20.0
-64.092,-20.0
-63.092,-20.0
-62.092,-20.0
-61.092,-20.0
-60.092,-20.0
-59.092,-20.0
-58.092,-20.0
-57.092,-20.0
-56.092,-20.0
-55.092,-20.0
-54.092,-20.0
-53.092,-20.0
-52.092,-20.0
-51.092,-20.0
-50.092,-20.0
-49.092,-20.0
-48.092,-20.0
-47.092,-20.0
-46.092,-20.0
-45.092,-20.0
-44.092,-20.0
-43.092,-20.0
-42.092,-20.0
-41.092,-20.0
-40.092,-20.0
-39.092,-20.0
-38.092,-20.0
-37.092,-20.0
-36.092,-20.0
-35.092,-20.0
-34.092,-20.0
-33.092,-20.0
-32.092,-20.0
-31.092,-20.0
-30.092,-20.0
-29.092,-20.0
-28.092,-20.0
-27.092,-20.0
-26.092,-20.0
-25.092,-20.0
-24.092,-20.0
-23.092,-20.0
-22.092,-20.0
-21.092,-20.0
-20.092,-20.0
-19.092,-20.0
-18.092,-20.0
-17.092,-20.0
-16.092,-20.0
-15.092,-20.0
-14.092,-20.0
-13.092,-20.0
-12.092,-20.0
-11.092,-20.0
-10.092,-20.0
-9.092,-20.0
-8.092,-20.0
-7.092,-20.0
-6.092,-20.0
-5.092,-20.0
-4.092,-20.0
-3.092,-20.0
-2.092,-20.0
-1.092,-20.0
-0.092,-20.0
0.908,-20.0
1.908,-20.0
2.908,-20.0
3.908,-20.0
4.908,-20.0
5.908,-20.0
6.908,-20.0
7.908,-20.0
8.908,-20.0
9.908,-20.0
10.908,-20.0
11.908,-20.0
12.908,-20.0
13.908,-20.0
14.908,-20.0
15.908,-20.0
16.908,-20.0
17.908,-20.0
18.908,-20.0
19.908,-20.0
20.908,-20.0
21.908,-20.0
22.908,-20.0
23.908,-20.0
24.908,-20.0
25.908,-20.0
26.908,-20.0
27.908,-20.0
28.908,-20.0
29.908,-20.0
30.908,-20.0
31.908,-20.0
32.908,-20.0
33.908,-20.0
34.908,-20.0
35.908,-20.0
36.908,-20.0
37.908,-20.0
38.908,-20.0
39.908,-20.0
40.908,-20.0
41.908,-20.0
42.908,-20.0
43.908,-20.0
44.908,-20.0
45.908,-20.0
46.908,-20.0
47.908,-20.0
48.908,-20.0
49.908,-20.0
50.908,-20.0
51.908,-20.0
52.908,-20.0
53.908,-20.0
54.908,-20.0
55.908,-20.0
56.908,-20.0
57.908,-20.0
58.908,-20.0
59.908,-20.0
60.908,-20.0
61.908,-20.0
62.908,-20.0
63.908,-20.0
64.908,-20.0
65.908,-20.0
66.908,-20.0
67.908,-20.0
68.908,-20.0
69.908,-20.0
70.908,-20.0
71.908,-20.0
72.908,-20.0
73.908,-20.0
74.908,-20.0
75.908,-20.0
76.908,-20.0
77.908,-20.0
78.908,-20.0
79.908,-20.0
80.908,-20.0
81.908,-20.0
82.908,-20.0
83.908,-20.0
84.908,-20.0
85.908,-20.0
86.908,-20.0
87.908,-20.0
88.908,-20.0
89.908,-20.0
90.908,-20.0
91.908,-20.0
92.908,-20.0
93.908,-20.0
94.908,-20.0
95.908,-20.0
96.908,-20.0
97.908,-20.0
98.908,-20.0
99.908,-20.0
100.908,-20.0
101.908,-20.0
102.908,-20.0
103.908,-20.0
104.908,-20.0
105.908,-20.0
106.908,-20.0
107.908,-20.0
108.908,-20.0
109.908,-20.0
110.908,-20.0
111.908,-20.0
112.908,-20.0
113.908,-20.0
114.908,-20.0
115.908,-20.0
116.908,-20.0
117.908,-20.0
118.908,-20.0
119.908,-20.0
120.908,-20.0
121.908,-20.0
122.908,-20.0
123.908,-20.0
124.908,-20.0
125.908,-20.0
126.908,-20.0
127.908,-20.0
128.908,-20.0
129.908,-20.0
130.908,-20.0
131.908,-20.0
132.908,-20.0
133.908,-20.0
134.908,-20.0
135.908,-20.0
136.908,-20.0
137.908,-20.0
138.908,-20.0
139.908,-20.0
140.908,-20.0
141.908,-20.0
142.908,-20.0
143.908,-20.0
144.908,-20.0
145.908,-20.0
146.908,-20.0
147.908,-20.0
148.908,-20.0
149.908,-20.0
150.908,-20.0
151.908,-20.0
152.908,-20.0
153.908,-20.0
154.908,-20.0
155.908,-20.0
156.908,-20.0
157.908,-20.0
158.908,-20.0
159.908,-20.0
160.908,-20.0
161.908,-20.0
162.908,-20.0
163.908,-20.0
164.908,-20.0
165.908,-20.0
166.908,-20.0
167.908,-20.0
168.908,-20.0
169.908,-20.0
170.908,-20.0
171.908,-20.0
172.908,-20.0
173.908,-20.0
174.908,-20.0
175.908,-20.0
176.908,-20.0
177.908,-20.0
178.908,-20.0
179.908,-20.0
180.908,-20.0
181.908,-20.0
182.908,-20.0
183.908,-20.0
184.908,-20.0
185.908,-20.0
186.908,-20.0
187.908,-20.0
188.908,-20.0
189.908,-20.0
190.908,-20.0
191.908,-20.0
192.908,-20.0
193.908,-20.0
194.908,-20.0
195.908,-20.0
196.908,-20.0
197.908,-20.0
198.908,-20.0
199.908,-20.0
200.908,-20.0
201.908,-20.0
202.908,-20.0
203.908,-20.0
204.908,-20.0
205.908,-20.0
206.908,-20.0
207.908,-20.0
208.908,-20.0
209.908,-20.0
210.908,-20.0
211.908,-20.0
212.908,-20.0
213.908,-20.0
214.908,-20.0
215.908,-20.0
216.908,-20.0
217.908,-20.0
218.908,-20.0
219.908,-20.0
220.908,-20.0
221.908,-20.0
222.908,-20.0
223.908,-20.0
224.908,-20.0
225.908,-20.0
226.908,-20.0
227.908,-20.0
228.908,-20.0
229.908,-20.0
230.908,-20.0
231.908,-20.0
232.908,-20.0
233.908,-20.0
234.908,-20.0
235.908,-20.0
236.908,-20.0
237.908,-20.0
238.908,-20.0
239.908,-20.0
240.908,-20.0
241.908,-20.0
242.908,-20.0
243.908,-20.0
244.908,-20.0
245.908,-20.0
246.908,-20.0
247.908,-20.0
248.908,-20.0
249.908,-20.0
250.908,-20.0
251.908,-20.0
252.908,-20.0
253.908,-20.0
254.908,-20.0
255.908,-20.0
256.908,-20.0
257.908,-20.0
258.908,-20.0
259.908,-20.0
260.908,-20.0
261.908,-20.0
262.908,-20.0
263.908,-20.0
264.908,-20.0
265.908,-20.0
266.908,-20.0
267.908,-20.0
268.908,-20.0
269.908,-20.0
270.908,-20.0
271.908,-20.0
272.908,-20.0
273.908,-20.0
274.908,-20.0
275.908,-20.0
276.908,-20.0
277.908,-20.0
278.908,-20.0
279.908,-20.0
280.908,-20.0
281.908,-20.0
282.908,-20.0
283.908,-20.0
284.908,-20.0
285.908,-20.0
286.908,-20.0
287.908,-20.0
288.908,-20.0
289.908,-20.0
290.908,-20.0
291.908,-20.0
292.908,-20.0
293.908,-20.0
294.908,-20.0
295.908,-20.0
296.908,-20.0
297.908,-20.0
298.908,-20.0
299.908,-20.0
300.908,-20.0
301.908,-20.0
302.908,-20.0
303.908,-20.0
304.908,-20.0
305.908,-20.0
306.908,-20.0
307.908,-20.0
308.908,-20.0
309.908,-20.0
310.908,-20.0
311.908,-20.0
312.908,-20.0
313.908,-20.0
314.908,-20.0
315.908,-20.0
316.908,-20.0
317.908,-20.0
318.908,-20.0
319.908,-20.0
320.908,-20.0
321.908,-20.0
322.908,-20.0
323.908,-20.0
324.908,-20.0
325.908,-20.0
326.908,-20.0
327.908,-20.0
328.908,-20.0
329.908,-20.0
330.908,-20.0
331.908,-20.0
332.908,-20.0
333.908,-20.0
334.908,-20.0
335.908,-20.0
336.908,-20.0
337.908,-20.0
338.908,-20.0
339.908,-20.0
340.908,-20.0
341.908,-20.0
342.908,-20.0
343.908,-20.0
344.908,-20.0
345.908,-20.0
346.908,-20.0
347.908,-20.0
348.908,-20.0
349.908,-20.0
350.908,-20.0
351.908,-20.0
352.908,-20.0
353.908,-20.0
354.908,-20.0
355.908,-20.0
356.908,-20.0
357.908,-20.0
358.908,-20.0
359.908,-20.0
360.908,-20.0
361.908,-20.0
362.908,-20.0
363.908,-20.0
364.908,-20.0
365.908,-20.0
366.908,-20.0
367.908,-20.0
368.908,-20.0
369.908,-20.0
370.908,-20.0
371.908,-20.0
372.908,-20.0
373.908,-20.0
374.908,-20.0
375.908,-20.0
376.908,-20.0
377.908,-20.0
378.908,-20.0
379.908,-20.0
380.908,-20.0
381.908,-20.0
382.908,-20.0
383.908,-20.0
384.908,-20.0
385.908,-20.0
386.908,-20.0
387.908,-20.0
388.908,-20.0
389.908,-20.0
390.908,-20.0
391.908,-20.0
392.908,-20.0
393.908,-20.0
394.908,-20.0
395.908,-20.0
396.908,-20.0
397.908,-20.0
398.908,-20.0
399.908,-20.0
400.908,-20.0
401.908,-20.0
402.908,-20.0
403.908,-20.0
404.908,-20.0
405.908,-20.0
406.908,-20.0
407.908,-20.0
408.908,-20.0
409.908,-20.0
410.908,-20.0
411.908,-20.0
412.908,-20.0
413.908,-20.0
414.908,-20.0
415.908,-20.0
416.908,-20.0
417.908,-20.0
418.908,-20.0
419.908,-20.0
420.908,-20.0
421.908,-20.0
422.908,-20.0
423.908,-20.0
424.908,-20.0
425.908,-20.0
426.908,-20.0
427.908,-20.0
428.908,-20.0
429.908,-20.0
430.908,-20.0
431.908,-20.0
432.908,-20.0
433.908,-20.0
434.908,-20.0
435.908,-20.0
436.908,-20.0
437.908,-20.0
438.908,-20.0
439.908,-20.0
440.908,-20.0
441.908,-20.0
442.908,-20.0
443.908,-20.0
444.908,-20.0
445.908,-20.0
446.908,-20.0
447.908,-20.0
448.908,-20.0
449.908,-20.0
450.908,-20.0
451.908,-20.0
452.908,-20.0
453.908,-20.0
454.908,-20.0
455.908,-20.0
456.908,-20.0
457.908,-20.0
458.908,-20.0
459.908,-20.0
460.908,-20.0
461.908,-20.0
462.908,-20.0
463.908,-20.0
464.908,-20.0
465.908,-20.0
466.908,-20.0
467.908,-20.0
468.908,-20.0
469.908,-20.0
470.908,-20.0
471.908,-20.0
472.908,-20.0
473.908,-20.0
474.908,-20.0
475.908,-20.0
476.908,-20.0
477.908,-20.0
478.908,-20.0
479.908,-20.0
480.908,-20.0
481.908,-20.0
482.908,-20.0
483.908,-20.0
484.908,-20.0
485.908,-20.0
486.908,-20.0
487.908,-20.0
488.908,-20.0
489.908,-20.0
490.908,-20.0
491.908,-20.0
492.908,-20.0
493.908,-20.0
494.908,-20.0
495.908,-20.0
496.908,-20.0
497.908,-20.0
498.908,-20.0
499.908,-20.0
500.908,-20.0
501.908,-20.0
502.908,-20.0
503.908,-20.0
504.908,-20.0
505.908,-20.0
506.908,-20.0
507.908,-20.0
508.908,-20.0
509.908,-20.0
510.908,-20.0
511.908,-20.0
512.908,-20.0
513.908,-20.0
514.908,-20.0
515.908,-20.0
516.908,-20.0
517.908,-20.0
518.908,-20.0
519.908,-20.0
520.908,-20.0
521.908,-20.0
522.908,-20.0
523.908,-20.0
524.908,-20.0
525.908,-20.0
526.908,-20.0
527.908,-20.0
528.908,-20.0
529.908,-20.0
530.908,-20.0
531.908,-20.0
532.908,-20.0
533.908,-20.0
534.908,-20.0
535.908,-20.0
536.908,-20.0
537.908,-20.0
538.908,-20.0
539.908,-20.0
540.908,-20.0
541.908,-20.0
542.908,-20.0
543.908,-20.0
544.908,-20.0
545.908,-20.0
546.908,-20.0
547.908,-20.0
548.908,-20.0
549.908,-20.0
550.908,-20.0
551.908,-20.0
552.908,-20.0
553.908,-20.0
554.908,-20.0
555.908,-20.0
556.908,-20.0
557.908,-20.0
558.908,-20.0
559.908,-20.0
560.908,-20.0
561.908,-20.0
562.908,-20.0
563.908,-20.0
564.908,-20.0
565.908,-20.0
566.908,-20.0
567.908,-20.0
568.908,-20.0
569.908,-20.0
570.908,-20.0
571.908,-20.0
572.908,-20.0
573.908,-20.0
574.908,-20.0
575.908,-20.0
576.908,-20.0
577.908,-20.0
578.908,-20.0
579.908,-20.0
580.908,-20.0
581.908,-20.0
582.908,-20.0
583.908,-20.0
584.908,-20.0
585.908,-20.0
586.908,-20.0
587.908,-20.0
588.908,-20.0
589.908,-20.0
590.908,-20.0
591.908,-20.0
592.908,-20.0
593.908,-20.0
594.908,-20.0
595.908,-20.0
596.908,-20.0
597.908,-20.0
598.908,-20.0
599.908,-20.0
600.908,-20.0
601.908,-20.0
602.908,-20.0
603.908,-20.0
604.908,-20.0
605.908,-20.0
606.908,-20.0
607.908,-20.0
608.908,-20.0
609.908,-20.0
610.908,-20.0
611.908,-20.0
612.908,-20.0
613.908,-20.0
614.908,-20.0
615.908,-20.0
616.908,-20.0
617.908,-20.0
618.908,-20.0
619.908,-20.0
620.908,-20.0
621.908,-20.0
622.908,-20.0
623.908,-20.0
624.908,-20.0
625.908,-20.0
626.908,-20.0
627.908,-20.0
628.908,-20.0
629.908,-20.0
630.908,-20.0
631.908,-20.0
632.908,-20.0
633.908,-20.0
634.908,-20.0
635.908,-20.0
636.908,-20.0
637.908,-20.0
638.908,-20.0
639.908,-20.0
640.908,-20.0
641.908,-20.0
642.908,-20.0
643.908,-20.0
644.908,-20.0
645.908,-20.0
646.908,-20.0
647.908,-20.0
648.908,-20.0
649.908,-20.0
650.908,-20.0
651.908,-20.0
652.908,-20.0
653.908,-20.0
654.908,-20.0
655.908,-20.0
656.908,-20.0
657.908,-20.0
658.908,-20.0
659.908,-20.0
660.908,-20.0
661.908,-20.0
662.908,-20.0
663.908,-20.0
664.908,-20.0
665.908,-20.0
666.908,-20.0
667.908,-20.0
668.908,-20.0
669.908,-20.0
670.908,-20.0
671.908,-20.0
672.908,-20.0
673.908,-20.0
674.908,-20.0
675.908,-20.0
676.908,-20.0
677.908,-20.0
678.908,-20.0
679.908,-20.0
680.908,-20.0
681.908,-20.0
682.908,-20.0
683.908,-20.0
684.908,-20.0
685.908,-20.0
686.908,-20.0
687.908,-20.0
688.908,-20.0
689.908,-20.0
690.908,-20.0
691.908,-20.0
692.908,-20.0
693.908,-20.0
694.908,-20.0
695.908,-20.0
696.908,-20.0
697.908,-20.0
698.908,-20.0
699.908,-20.0
700.908,-20.0
701.908,-20.0
702.908,-20.0
703.908,-20.0
704.908,-20.0
705.908,-20.0
706.908,-20.0
707.908,-20.0
708.908,-20.0
709.908,-20.0
710.908,-20.0
711.908,-20.0
712.908,-20.0
713.908,-20.0
714.908,-20.0
715.908,-20.0
716.908,-20.0
717.908,-20.0
718.908,-20.0
719.908,-20.0
720.908,-20.0
721.908,-20.0
722.908,-20.0
723.908,-20.0
724.908,-20.0
725.908,-20.0
726.908,-20.0
727.908,-20.0
728.908,-20.0
729.908,-20.0
730.908,-20.0
731.908,-20.0
732.908,-20.0
733.908,-20.0
734.908,-20.0
735.908,-20.0
736.908,-20.0
737.908,-20.0
738.908,-20.0
739.908,-20.0
740.908,-20.0
741.908,-20.0
742.908,-20.0
743.908,-20.0
744.908,-20.0
745.908,-20.0
746.908,-20.0
747.908,-20.0
748.908,-20.0
749.908,-20.0
750.908,-20.0
751.908,-20.0
752.908,-20.0
753.908,-20.0
754.908,-20.0
755.908,-20.0
756.908,-20.0
757.908,-20.0
758.908,-20.0
759.908,-20.0
760.908,-20.0
761.908,-20.0
762.908,-20.0
763.908,-20.0
764.908,-20.0
765.908,-20.0
766.908,-20.0
767.908,-20.0
768.908,-20.0
769.908,-20.0
770.908,-20.0
771.908,-20.0
772.908,-20.0
773.908,-20.0
774.908,-20.0
775.908,-20.0
776.908,-20.0
777.908,-20.0
778.908,-20.0
779.908,-20.0
780.908,-20.0
781.908,-20.0
782.908,-20.0
783.908,-20.0
784.908,-20.0
785.908,-20.0
786.908,-20.0
787.908,-20.0
788.908,-20.0
789.908,-20.0
790.908,-20.0
791.908,-20.0
792.908,-20.0
793.908,-20.0
794.908,-20.0
795.908,-20.0
796.908,-20.0
797.908,-20.0
798.908,-20.0
799.908,-20.0
800.908,-20.0
801.908,-20.0
802.908,-20.0
803.908,-20.0
804.908,-20.0
805.908,-20.0
806.908,-20.0
807.908,-20.0
808.908,-20.0
809.908,-20.0
810.908,-20.0
811.908,-20.0
812.908,-20.0
813.908,-20.0
814.908,-20.0
815.908,-20.0
816.908,-20.0
817.908,-20.0
818.908,-20.0
819.908,-20.0
820.908,-20.0
821.908,-20.0
822.908,-20.0
823.908,-20.0
824.908,-20.0
825.908,-20.0
826.908,-20.0
827.908,-20.0
828.908,-20.0
829.908,-20.0
830.908,-20.0
831.908,-20.0
832.908,-20.0
833.908,-20.0
834.908,-20.0
835.908,-20.0
836.908,-20.0
837.908,-20.0
838.908,-20.0
839.908,-20.0
840.908,-20.0
841.908,-20.0
842.908,-20.0
843.908,-20.0
844.908,-20.0
845.908,-20.0
846.908,-20.0
847.908,-20.0
848.908,-20.0
849.908,-20.0
850.908,-20.0
851.908,-20.0
852.908,-20.0
853.908,-20.0
854.908,-20.0
855.908,-20.0
856.908,-20.0
857.908,-20.0
858.908,-20.0
859.908,-20.0
860.908,-20.0
861.908,-20.0
862.908,-20.0
863.908,-20.0
864.908,-20.0
865.908,-20.0
866.908,-20.0
867.908,-20.0
868.908,-20.0
869.908,-20.0
870.908,-20.0
871.908,-20.0
872.908,-20.0
873.908,-20.0
874.908,-20.0
875.908,-20.0
876.908,-20.0
877.908,-20.0
878.908,-20.0
879.908,-20.0
880.908,-20.0
881.908,-20.0
882.908,-20.0
883.908,-20.0
884.908,-20.0
885.908,-20.0
886.908,-20.0
887.908,-20.0
888.908,-20.0
889.908,-20.0
890.908,-20.0
891.908,-20.0
892.908,-20.0
893.908,-20.0
894.908,-20.0
895.908,-20.0
896.908,-20.0
897.908,-20.0
898.908,-20.0
899.908,-20.0
900.908,-20.0
901.908,-20.0
902.908,-20.0
903.908,-20.0
904.908,-20.0
905.908,-20.0
906.908,-20.0
907.908,-20.0
908.908,-20.0
909.908,-20.0
910.908,-20.0
911.908,-20.0
912.908,-20.0
913.908,-20.0
914.908,-20.0
915.908,-20.0
916.908,-20.0
917.908,-20.0
918.908,-20.0
919.908,-20.0
920.908,-20.0
921.908,-20.0
922.908,-20.0
923.908,-20.0
924.908,-20.0
925.908,-20.0
926.908,-20.0
927.908,-20.0
928.908,-20.0
929.908,-20.0
930.908,-20.0
931.908,-20.0
932.908,-20.0
933.908,-20.0
934.908,-20.0
935.908,-20.0
936.908,-20.0
937.908,-20.0
938.908,-20.0
939.908,-20.0
940.908,-20.0
941.908,-20.0
942.908,-20.0
943.908,-20.0
944.908,-20.0
945.908,-20.0
946.908,-20.0
947.908,-20.0
948.908,-20.0
949.908,-20.0
950.908,-20.0
951.908,-20.0
952.908,-20.0
953.908,-20.0
954.908,-20.0
955.908,-20.0
956.908,-20.0
957.908,-20.0
958.908,-20.0
959.908,-20.0
960.908,-20.0
961.908,-20.0
962.908,-20.0
963.908,-20.0
964.908,-20.0
965.908,-20.0
966.908,-20.0
967.908,-20.0
968.908,-20.0
969.908,-20.0
970.908,-20.0
971.908,-20.0
972.908,-20.0
973.908,-20.0
974.908,-20.0
975.908,-20.0
976.908,-20.0
977.908,-20.0
978.908,-20.0
979.908,-20.0
980.908,-20.0
981.908,-20.0
982.908,-20.0
983.908,-20.0
984.908,-20.0
985.908,-20.0
986.908,-20.0
987.908,-20.0
988.908,-20.0
989.908,-20.0
990.908,-20.0
991.908,-20.0
992.908,-20.0
993.908,-20.0
994.908,-20.0
995.908,-20.0
996.908,-20.0
997.908,-20.0
998.908,-20.0
999.908,-20.0
1000.908,-20.0
1001.908,-20.0
1002.908,-20.0
1003.908,-20.0
1004.908,-20.0
1005.908,-20.0
1006.908,-20.0
1007.908,-20.0
1008.908,-20.0
1009.908,-20.0
1010.908,-20.0
1011.908,-20.0
1012.908,-20.0
1013.908,-20.0
1014.908,-20.0
1015.908,-20.0
1016.908,-20.0
1017.908,-20.0
1018.908,-20.0
1019.908,-20.0
1020.908,-20.0
1021.908,-20.0
1022.908,-20.0
1023.908,-20.0
1024.908,-20.0
1025.908,-20.0
1026.908,-20.0
1027.908,-20.0
1028.908,-20.0
1029.908,-20.0
1030.908,-20.0
1031.908,-20.0
1032.908,-20.0
1033.908,-20.0
1034.908,-20.0
1035.908,-20.0
1036.908,-20.0
1037.908,-20.0
1038.908,-20.0
1039.908,-20.0
1040.908,-20.0
1041.908,-20.0
1042.908,-20.0
1043.908,-20.0
1044.908,-20.0
1045.908,-20.0
1046.908,-20.0
1047.908,-20.0
1048.908,-20.0
1049.908,-20.0
1050.908,-20.0
1051.908,-20.0
1052.908,-20.0
1053.908,-20.0
1054.908,-20.0
1055.908,-20.0
1056.908,-20.0
1057.908,-20.0
1058.908,-20.0
1059.908,-20.0
1060.908,-20.0
1061.908,-20.0
1062.908,-20.0
1063.908,-20.0
1064.908,-20.0
1065.908,-20.0
1066.908,-20.0
1067.908,-20.0
1068.908,-20.0
1069.908,-20.0
1070.908,-20.0
1071.908,-20.0
1072.908,-20.0
1073.908,-20.0
1074.908,-20.0
1075.908,-20.0
1076.908,-20.0
1077.908,-20.0
1078.908,-20.0
1079.908,-20.0
1080.908,-20.0
1081.908,-20.0
1082.908,-20.0
1083.908,-20.0
1084.908,-20.0
1085.908,-20.0
1086.908,-20.0
1087.908,-20.0
1088.908,-20.0
1089.908,-20.0
1090.908,-20.0
1091.908,-20.0
1092.908,-20.0
1093.908,-20.0
1094.908,-20.0
1095.908,-20.0
1096.908,-20.0
1097.908,-20.0
1098.908,-20.0
1099.908,-20.0
1100.908,-20.0
1101.908,-20.0
1102.908,-20.0
1103.908,-20.0
1104.908,-20.0
1105.908,-20.0
1106.908,-20.0
1107.908,-20.0
1108.908,-20.0
1109.908,-20.0
1110.908,-20.0
1111.908,-20.0
1112.908,-20.0
1113.908,-20.0
1114.908,-20.0
1115.908,-20.0
1116.908,-20.0
1117.908,-20.0
1118.908,-20.0
1119.908,-20.0
1120.908,-20.0
1121.908,-20.0
1122.908,-20.0
1123.908,-20.0
1124.908,-20.0
1125.908,-20.0
1126.908,-20.0
1127.908,-20.0
1128.908,-20.0
1129.908,-20.0
1130.908,-20.0
1131.908,-20.0
1132.908,-20.0
1133.908,-20.0
1134.908,-20.0
1135.908,-20.0
1136.908,-20.0
1137.908,-20.0
1138.908,-20.0
1139.908,-20.0
1140.908,-20.0
1141.908,-20.0
1142.908,-20.0
1143.908,-20.0
1144.908,-20.0
1145.908,-20.0
1146.908,-20.0
1147.908,-20.0
1148.908,-20.0
1149.908,-20.0
1150.908,-20.0
1151.908,-20.0
1152.908,-20.0
1153.908,-20.0
1154.908,-20.0
1155.908,-20.0
1156.908,-20.0
1157.908,-20.0
1158.908,-20.0
1159.908,-20.0
1160.908,-20.0
1161.908,-20.0
1162.908,-20.0
1163.908,-20.0
1164.908,-20.0
1165.908,-20.0
1166.908,-20.0
1167.908,-20.0
1168.908,-20.0
1169.908,-20.0
1170.908,-20.0
1171.908,-20.0
1172.908,-20.0
1173.908,-20.0
1174.908,-20.0
1175.908,-20.0
1176.908,-20.0
1177.908,-20.0
1178.908,-20.0
1179.908,-20.0
1180.908,-20.0
1181.908,-20.0
1182.908,-20.0
1183.908,-20.0
1184.908,-20.0
1185.908,-20.0
1186.908,-20.0
1187.908,-20.0
1188.908,-20.0
1189.908,-20.0
1190.908,-20.0
1191.908,-20.0
1192.908,-20.0
1193.908,-20.0
1194.908,-20.0
1195.908,-20.0
1196.908,-20.0
1197.908,-20.0
1198.908,-20.0
1199.908,-20.0
1200.908,-20.0
1201.908,-20.0
1202.908,-20.0
1203.908,-20.0
1204.908,-20.0
1205.908,-20.0
1206.908,-20.0
1207.908,-20.0
1208.908,-20.0
1209.908,-20.0
1210.908,-20.0
1211.908,-20.0
1212.908,-20.0
1213.908,-20.0
1214.908,-20.0
1215.908,-20.0
1216.908,-20.0
1217.908,-20.0
1218.908,-20.0
1219.908,-20.0
1220.908,-20.0
1221.908,-20.0
1222.908,-20.0
1223.908,-20.0
1224.908,-20.0
1225.908,-20.0
1226.908,-20.0
1227.908,-20.0
1228.908,-20.0
1229.908,-20.0
1230.908,-20.0
1231.908,-20.0
1232.908,-20.0
1233.908,-20.0
1234.908,-20.0
1235.908,-20.0
1236.908,-20.0
1237.908,-20.0
1238.908,-20.0
1239.908,-20.0
1240.908,-20.0
1241.908,-20.0
1242.908,-20.0
1243.908,-20.0
1244.908,-20.0
1245.908,-20.0
1246.908,-20.0
1247.908,-20.0
1248.908,-20.0
1249.908,-20.0
1250.908,-20.0
1251.908,-20.0
1252.908,-20.0
1253.908,-20.0
1254.908,-20.0
1255.908,-20.0
1256.908,-20.0
1257.908,-20.0
1258.908,-20.0
1259.908,-20.0
1260.908,-20.0
1261.908,-20.0
1262.908,-20.0
1263.908,-20.0
1264.908,-20.0
1265.908,-20.0
1266.908,-20.0
1267.908,-20.0
1268.908,-20.0
1269.908,-20.0
1270.908,-20.0
1271.908,-20.0
1272.908,-20.0
1273.908,-20.0
1274.908,-20.0
1275.908,-20.0
1276.908,-20.0
1277.908,-20.0
1278.908,-20.0
1279.908,-20.0
1280.908,-20.0
1281.908,-20.0
1282.908,-20.0
1283.908,-20.0
1284.908,-20.0
1285.908,-20.0
1286.908,-20.0
1287.908,-20.0
1288.908,-20.0
1289.908,-20.0
1290.908,-20.0
1291.908,-20.0
1292.908,-20.0
1293.908,-20.0
1294.908,-20.0
1295.908,-20.0
1296.908,-20.0
1297.908,-20.0
1298.908,-20.0
1299.908,-20.0
1300.908,-20.0
1301.908,-20.0
1302.908,-20.0
1303.908,-20.0
1304.908,-20.0
1305.908,-20.0
1306.908,-20.0
1307.908,-20.0
1308.908,-20.0
1309.908,-20.0
1310.908,-20.0
1311.908,-20.0
1312.908,-20.0
1313.908,-20.0
1314.908,-20.0
1315.908,-20.0
1316.908,-20.0
1317.908,-20.0
1318.908,-20.0
1319.908,-20.0
1320.908,-20.0
1321.908,-20.0
1322.908,-20.0
1323.908,-20.0
1324.908,-20.0
1325.908,-20.0
1326.908,-20.0
1327.908,-20.0
1328.908,-20.0
1329.908,-20.0
1330.908,-20.0
1331.908,-20.0
1332.908,-20.0
1333.908,-20.0
1334.908,-20.0
1335.908,-20.0
1336.908,-20.0
1337.908,-20.0
1338.908,-20.0
1339.908,-20.0
1340.908,-20.0
1341.908,-20.0
1342.908,-20.0
1343.908,-20.0
1344.908,-20.0
1345.908,-20.0
1346.908,-20.0
1347.908,-20.0
1348.908,-20.0
1349.908,-20.0
1350.908,-20.0
1351.908,-20.0
1352.908,-20.0
1353.908,-20.0
1354.908,-20.0
1355.908,-20.0
1356.908,-20.0
1357.908,-20.0
1358.908,-20.0
1359.908,-20.0
1360.908,-20.0
1361.908,-20.0
1362.908,-20.0
1363.908,-20.0
1364.908,-20.0
1365.908,-20.0
1366.908,-20.0
1367.908,-20.0
1368.908,-20.0
1369.908,-20.0
1370.908,-20.0
1371.908,-20.0
1372.908,-20.0
1373.908,-20.0
1374.908,-20.0
1375.908,-20.0
1376.908,-20.0
1377.908,-20.0
1378.908,-20.0
1379.908,-20.0
1380.908,-20.0
1381.908,-20.0
1382.908,-20.0
1383.908,-20.0
1384.908,-20.0
1385.908,-20.0
1386.908,-20.0
1387.908,-20.0
1388.908,-20.0
1389.908,-20.0
1390.908,-20.0
1391.908,-20.0
1392.908,-20.0
1393.908,-20.0
1394.908,-20.0
1395.908,-20.0
1396.908,-20.0
1397.908,-20.0
1398.908,-20.0
1399.908,-20.0
1400.908,-20.0
1401.908,-20.0
1402.908,-20.0
1403.908,-20.0
1404.908,-20.0
1405.908,-20.0
1406.908,-20.0
1407.908,-20.0
1408.908,-20.0
1409.908,-20.0
1410.908,-20.0
1411.908,-20.0
1412.908,-20.0
1413.908,-20.0
1414.908,-20.0
1415.908,-20.0
1416.908,-20.0
1417.908,-20.0
1418.908,-20.0
1419.908,-20.0
1420.908,-20.0
1421.908,-20.0
1422.908,-20.0
1423.908,-20.0
1424.908,-20.0
1425.908,-20.0
1426.908,-20.0
1427.908,-20.0
1428.908,-20.0
1429.908,-20.0
1430.908,-20.0
1431.908,-20.0
1432.908,-20.0
1433.908,-20.0
1434.908,-20.0
1435.908,-20.0
1436.908,-20.0
1437.908,-20.0
1438.908,-20.0
1439.908,-20.0
1440.908,-20.0
1441.908,-20.0
1442.908,-20.0
1443.908,-20.0
1444.908,-20.0
1445.908,-20.0
1446.908,-20.0
1447.908,-20.0
1448.908,-20.0
1449.908,-20.0
1450.908,-20.0
1451.908,-20.0
1452.908,-20.0
1453.908,-20.0
1454.908,-20.0
1455.908,-20.0
1456.908,-20.0
1457.908,-20.0
1458.908,-20.0
1459.908,-20.0
1460.908,-20.0
1461.908,-20.0
1462.908,-20.0
1463.908,-20.0
1464.908,-20.0
1465.908,-20.0
1466.908,-20.0
1467.908,-20.0
1468.908,-20.0
1469.908,-20.0
1470.908,-20.0
1471.908,-20.0
1472.908,-20.0
1473.908,-20.0
1474.908,-20.0
1475.908,-20.0
1476.908,-20.0
1477.908,-20.0
1478.908,-20.0
1479.908,-20.0
1480.908,-20.0
1481.908,-20.0
1482.908,-20.0
1483.908,-20.0
1484.908,-20.0
1485.908,-20.0
1486.908,-20.0
1487.908,-20.0
1488.908,-20.0
1489.908,-20.0
1490.908,-20.0
1491.908,-20.0
1492.908,-20.0
1493.908,-20.0
1494.908,-20.0
1495.908,-20.0
1496.908,-20.0
1497.908,-20.0
1498.908,-20.0
1499.908,-20.0
1500.908,-20.0
1501.908,-20.0
1502.908,-20.0
1503.908,-20.0
1504.908,-20.0
1505.908,-20.0
1506.908,-20.0
1507.908,-20.0
1508.908,-20.0
1509.908,-20.0
1510.908,-20.0
1511.908,-20.0
1512.908,-20.0
1513.908,-20.0
1514.908,-20.0
1515.908,-20.0
1516.908,-20.0
1517.908,-20.0
1518.908,-20.0
1519.908,-20.0
1520.908,-20.0
1521.908,-20.0
1522.908,-20.0
1523.908,-20.0
1524.908,-20.0
1525.908,-20.0
1526.908,-20.0
1527.908,-20.0
1528.908,-20.0
1529.908,-20.0
1530.908,-20.0
1531.908,-20.0
1532.908,-20.0
1533.908,-20.0
1534.908,-20.0
1535.908,-20.0
1536.908,-20.0
1537.908,-20.0
1538.908,-20.0
1539.908,-20.0
1540.908,-20.0
1541.908,-20.0
1542.908,-20.0
1543.908,-20.0
1544.908,-20.0
1545.908,-20.0
1546.908,-20.0
1547.908,-20.0
1548.908,-20.0
1549.908,-20.0
1550.908,-20.0
1551.908,-20.0
1552.908,-20.0
1553.908,-20.0
1554.908,-20.0
1555.908,-20.0
1556.908,-20.0
1557.908,-20.0
1558.908,-20.0
1559.908,-20.0
1560.908,-20.0
1561.908,-20.0
1562.908,-20.0
1563.908,-20.0
1564.908,-20.0
1565.908,-20.0
1566.908,-20.0
1567.908,-20.0
1568.908,-20.0
1569.908,-20.0
1570.908,-20.0
1571.908,-20.0
1572.908,-20.0
1573.908,-20.0
1574.908,-20.0
1575.908,-20.0
1576.908,-20.0
1577.908,-20.0
1578.908,-20.0
1579.908,-20.0
1580.908,-20.0
1581.908,-20.0
1582.908,-20.0
1583.908,-20.0
1584.908,-20.0
1585.908,-20.0
1586.908,-20.0
1587.908,-20.0
1588.908,-20.0
1589.908,-20.0
1590.908,-20.0
1591.908,-20.0
1592.908,-20.0
1593.908,-20.0
1594.908,-20.0
1595.908,-20.0
1596.908,-20.0
1597.908,-20.0
1598.908,-20.0
1599.908,-20.0
1600.908,-20.0
1601.908,-20.0
1602.908,-20.0
1603.908,-20.0
1604.908,-20.0
1605.908,-20.0
1606.908,-20.0
1607.908,-20.0
1608.908,-20.0
1609.908,-20.0
1610.908,-20.0
1611.908,-20.0
1612.908,-20.0
1613.908,-20.0
1614.908,-20.0
1615.908,-20.0
1616.908,-20.0
1617.908,-20.0
1618.908,-20.0
1619.908,-20.0
1620.908,-20.0
1621.908,-20.0
1622.908,-20.0
1623.908,-20.0
1624.908,-20.0
1625.908,-20.0
1626.908,-20.0
1627.908,-20.0
1628.908,-20.0
1629.908,-20.0
1630.908,-20.0
1631.908,-20.0
1632.908,-20.0
1633.908,-20.0
1634.908,-20.0
1635.908,-20.0
1636.908,-20.0
1637.908,-20.0
1638.908,-20.0
1639.908,-20.0
1640.908,-20.0
1641.908,-20.0
1642.908,-20.0
1643.908,-20.0
1644.908,-20.0
1645.908,-20.0
1646.908,-20.0
1647.908,-20.0
1648.908,-20.0
1649.908,-20.0
1650.908,-20.0
1651.908,-20.0
1652.908,-20.0
1653.908,-20.0
1654.908,-20.0
1655.908,-20.0
1656.908,-20.0
1657.908,-20.0
1658.908,-20.0
1659.908,-20.0
1660.908,-20.0
1661.908,-20.0
1662.908,-20.0
1663.908,-20.0
1664.908,-20.0
1665.908,-20.0
1666.908,-20.0
1667.908,-20.0
1668.908,-20.0
1669.908,-20.0
1670.908,-20.0
1671.908,-20.0
1672.908,-20.0
1673.908,-20.0
1674.908,-20.0
1675.908,-20.0
1676.908,-20.0
1677.908,-20.0
1678.908,-20.0
1679.908,-20.0
1680.908,-20.0
1681.908,-20.0
1682.908,-20.0
1683.908,-20.0
1684.908,-20.0
1685.908,-20.0
1686.908,-20.0
1687.908,-20.0
1688.908,-20.0
1689.908,-20.0
1690.908,-20.0
1691.908,-20.0
1692.908,-20.0
1693.908,-20.0
1694.908,-20.0
1695.908,-20.0
1696.908,-20.0
1697.908,-20.0
1698.908,-20.0
1699.908,-20.0
1700.908,-20.0
1701.908,-20.0
1702.908,-20.0
1703.908,-20.0
1704.908,-20.0
1705.908,-20.0
1706.908,-20.0
1707.908,-20.0
1708.908,-20.0
1709.908,-20.0
1710.908,-20.0
1711.908,-20.0
1712.908,-20.0
1713.908,-20.0
1714.908,-20.0
1715.908,-20.0
1716.908,-20.0
1717.908,-20.0
1718.908,-20.0
1719.908,-20.0
1720.908,-20.0
1721.908,-20.0
1722.908,-20.0
1723.908,-20.0
1724.908,-20.0
1725.908,-20.0
1726.908,-20.0
1727.908,-20.0
1728.908,-20.0
1729.908,-20.0
1730.908,-20.0
1731.908,-20.0
1732.908,-20.0
1733.908,-20.0
1734.908,-20.0
1735.908,-20.0
1736.908,-20.0
1737.908,-20.0
1738.908,-20.0
1739.908,-20.0
1740.908,-20.0
1741.908,-20.0
1742.908,-20.0
1743.908,-20.0
1744.908,-20.0
1745.908,-20.0
1746.908,-20.0
1747.908,-20.0
1748.908,-20.0
1749.908,-20.0
1750.908,-20.0
1751.908,-20.0
1752.908,-20.0
1753.908,-20.0
1754.908,-20.0
1755.908,-20.0
1756.908,-20.0
1757.908,-20.0
1758.908,-20.0
1759.908,-20.0
1760.908,-20.0
1761.908,-20.0
1762.908,-20.0
1763.908,-20.0
1764.908,-20.0
1765.908,-20.0
1766.908,-20.0
1767.908,-20.0
1768.908,-20.0
1769.908,-20.0
1770.908,-20.0
1771.908,-20.0
1772.908,-20.0
1773.908,-20.0
1774.908,-20.0
1775.908,-20.0
1776.908,-20.0
1777.908,-20.0
1778.908,-20.0
1779.908,-20.0
1780.908,-20.0
1781.908,-20.0
1782.908,-20.0
1783.908,-20.0
1784.908,-20.0
1785.908,-20.0
1786.908,-20.0
1787.908,-20.0
1788.908,-20.0
1789.908,-20.0
1790.908,-20.0
1791.908,-20.0
1792.908,-20.0
1793.908,-20.0
1794.908,-20.0
1795.908,-20.0
1796.908,-20.0
1797.908,-20.0
1798.908,-20.0
1799.908,-20.0
1800.908,-20.0
1801.908,-20.0
1802.908,-20.0
1803.908,-20.0
1804.908,-20.0
1805.908,-20.0
1806.908,-20.0
1807.908,-20.0
1808.908,-20.0
1809.908,-20.0
1810.908,-20.0
1811.908,-20.0
1812.908,-20.0
1813.908,-20.0
1814.908,-20.0
1815.908,-20.0
1816.908,-20.0
1817.908,-20.0
1818.908,-20.0
1819.908,-20.0
1820.908,-20.0
1821.908,-20.0
1822.908,-20.0
1823.908,-20.0
1824.908,-20.0
1825.908,-20.0
1826.908,-20.0
1827.908,-20.0
1828.908,-20.0
1829.908,-20.0
1830.908,-20.0
1831.908,-20.0
1832.908,-20.0
1833.908,-20.0
1834.908,-20.0
1835.908,-20.0
1836.908,-20.0
1837.908,-20.0
1838.908,-20.0
1839.908,-20.0
1840.908,-20.0
1841.908,-20.0
1842.908,-20.0
1843.908,-20.0
1844.908,-20.0
1845.908,-20.0
1846.908,-20.0
1847.908,-20.0
1848.908,-20.0
1849.908,-20.0
1850.908,-20.0
1851.908,-20.0
1852.908,-20.0
1853.908,-20.0
1854.908,-20.0
1855.908,-20.0
1856.908,-20.0
1857.908,-20.0
1858.908,-20.0
1859.908,-20.0
1860.908,-20.0
1861.908,-20.0
1862.908,-20.0
1863.908,-20.0
1864.908,-20.0
1865.908,-20.0
1866.908,-20.0
1867.908,-20.0
1868.908,-20.0
1869.908,-20.0
1870.908,-20.0
1871.908,-20.0
1872.908,-20.0
1873.908,-20.0
1874.908,-20.0
1875.908,-20.0
1876.908,-20.0
1877.908,-20.0
1878.908,-20.0
1879.908,-20.0
1880.908,-20.0
1881.908,-20.0
1882.908,-20.0
1883.908,-20.0
1884.908,-20.0
1885.908,-20.0
1886.908,-20.0
1887.908,-20.0
1888.908,-20.0
1889.908,-20.0
1890.908,-20.0
1891.908,-20.0
1892.908,-20.0
1893.908,-20.0
1894.908,-20.0
1895.908,-20.0
1896.908,-20.0
1897.908,-20.0
1898.908,-20.0
1899.908,-20.0
1900.908,-20.0
1901.908,-20.0
1902.908,-20.0
1903.908,-20.0
1904.908,-20.0
1905.908,-20.0
1906.908,-20.0
1907.908,-20.0
1908.908,-20.0
1909.908,-20.0
1910.908,-20.0
1911.908,-20.0
1912.908,-20.0
1913.908,-20.0
1914.908,-20.0
1915.908,-20.0
1916.908,-20.0
1917.908,-20.0
1918.908,-20.0
1919.908,-20.0
1920.908,-20.0
1921.908,-20.0
1922.908,-20.0
1923.908,-20.0
1924.908,-20.0
1925.908,-20.0
1926.908,-20.0
1927.908,-20.0
1928.908,-20.0
1929.908,-20.0
1930.908,-20.0
1931.908,-20.0
1932.908,-20.0
1933.908,-20.0
1934.908,-20.0
1935.908,-20.0
1936.908,-20.0
1937.908,-20.0
1938.908,-20.0
1939.908,-20.0
1940.908,-20.0
1941.908,-20.0
1942.908,-20.0
1943.908,-20.0
1944.908,-20.0
1945.908,-20.0
1946.908,-20.0
1947.908,-20.0
1948.908,-20.0
1949.908,-20.0
1950.908,-20.0
1951.908,-20.0
1952.908,-20.0
1953.908,-20.0
1954.908,-20.0
1955.908,-20.0
1956.908,-20.0
1957.908,-20.0
1958.908,-20.0
1959.908,-20.0
1960.908,-20.0
1961.908,-20.0
1962.908,-20.0
1963.908,-20.0
1964.908,-20.0
1965.908,-20.0
1966.908,-20.0
1967.908,-20.0
1968.908,-20.0
1969.908,-20.0
1970.908,-20.0
1971.908,-20.0
1972.908,-20.0
1973.908,-20.0
1974.908,-20.0
1975.908,-20.0
1976.908,-20.0
1977.908,-20.0
1978.908,-20.0
1979.908,-20.0
1980.908,-20.0
1981.908,-20.0
1982.908,-20.0
1983.908,-20.0
1984.908,-20.0
1985.908,-20.0
1986.908,-20.0
1987.908,-20.0
1988.908,-20.0
1989.908,-20.0
1990.908,-20.0
1991.908,-20.0
1992.908,-20.0
1993.908,-20.0
1994.908,-20.0
1995.908,-20.0
1996.908,-20.0
1997.908,-20.0
1998.908,-20.0
1999.908,-20.0
2000.908,-20.0
2001.908,-20.0
2002.908,-20.0
2003.908,-20.0
2004.908,-20.0
2005.908,-20.0
2006.908,-20.0
2007.908,-20.0
2008.908,-20.0
2009.908,-20.0
2010.908,-20.0
2011.908,-20.0
2012.908,-20.0
2013.908,-20.0
2014.908,-20.0
2015.908,-20.0
2016.908,-20.0
2017.908,-20.0
2018.908,-20.0
2019.908,-20.0
2020.908,-20.0
2021.908,-20.0
2022.908,-20.0
2023.908,-20.0
2024.908,-20.0
2025.908,-20.0
2026.908,-20.0
2027.908,0.0
2028.908,0.0
2029.908,0.0
2030.908,0.0
2031.908,0.0
2032.908,0.0
2033.908,0.0
2034.908,0.0
2035.908,0.0
2036.908,0.0
2037.908,0.0
2038.908,0.0
2039.908,0.0
2040.908,0.0
2041.908,0.0
2042.908,0.0
2043.908,0.0
2044.908,0.0
2045.908,0.0
2046.908,0.0
2047.908,0.0
2048.908,0.0
2049.908,0.0
2050.908,0.0
2051.908,0.0
2052.908,0.0
2053.908,0.0
2054.908,0.0
2055.908,0.0
2056.908,0.0
2057.908,0.0
2058.908,0.0
2059.908,0.0
2060.908,0.0
2061.908,0.0
2062.908,0.0
2063.908,0.0
2064.908,0.0
2065.908,0.0
2066.908,0.0
2067.908,0.0
2068.908,0.0
2069.908,0.0
2070.908,0.0
2071.908,0.0
2072.908,0.0
2073.908,0.0
2074.908,0.0
2075.908,0.0
2076.908,0.0
2077.908,0.0
2078.908,0.0
2079.908,0.0
2080.908,0.0
2081.908,0.0
2082.908,0.0
2083.908,0.0
2084.908,0.0
2085.908,0.0
2086.908,0.0
2087.908,0.0
2088.908,0.0
2089.908,0.0
2090.908,0.0
2091.908,0.0
2092.908,0.0
2093.908,0.0
2094.908,0.0
2095.908,0.0
2096.908,0.0
2097.908,0.0
2098.908,0.0
2099.908,0.0
2100.908,0.0
2101.908,0.0
2102.908,0.0
2103.908,0.0
2104.908,0.0
2105.908,0.0
2106.908,0.0
2107.908,0.0
2108.908,0.0
2109.908,0.0
2110.908,0.0
2111.908,0.0
2112.908,0.0
2113.908,0.0
2114.908,0.0
2115.908,0.0
2116.908,0.0
2117.908,0.0
2118.908,0.0
2119.908,0.0
2120.908,0.0
2121.908,0.0
2122.908,0.0
2123.908,0.0
2124.908,0.0
2125.908,0.0
2126.908,0.0
2127.908,0.0
2128.908,0.0
2129.908,0.0
2130.908,0.0
2131.908,0.0
2132.908,0.0
2133.908,0.0
2134.908,0.0
2135.908,0.0
2136.908,0.0
2137.908,0.0
2138.908,0.0
2139.908,0.0
2140.908,0.0
2141.908,0.0
2142.908,0.0
2143.908,0.0
2144.908,0.0
2145.908,0.0
2146.908,0.0
2147.908,0.0
2148.908,0.0
2149.908,0.0
2150.908,0.0
2151.908,0.0
2152.908,0.0
2153.908,0.0
2154.908,0.0
2155.908,0.0
2156.908,0.0
2157.908,0.0
2158.908,0.0
2159.908,0.0
2160.908,0.0
2161.908,0.0
2162.908,0.0
2163.908,0.0
2164.908,0.0
2165.908,0.0
2166.908,0.0
2167.908,0.0
2168.908,0.0
2169.908,0.0
2170.908,0.0
2171.908,0.0
2172.908,0.0
2173.908,0.0
2174.908,0.0
2175.908,0.0
2176.908,0.0
2177.908,0.0
2178.908,0.0
2179.908,0.0
2180.908,0.0
2181.908,0.0
2182.908,0.0
2183.908,0.0
2184.908,0.0
2185.908,0.0
2186.908,0.0
2187.908,0.0
2188.908,0.0
2189.908,0.0
2190.908,0.0
2191.908,0.0
2192.908,0.0
2193.908,0.0
2194.908,0.0
2195.908,0.0
2196.908,0.0
2197.908,0.0
2198.908,0.0
2199.908,0.0
2200.908,0.0
2201.908,0.0
2202.908,0.0
2203.908,0.0
2204.908,0.0
2205.908,0.0
2206.908,0.0
2207.908,0.0
2208.908,0.0
2209.908,0.0
2210.908,0.0
2211.908,0.0
2212.908,0.0
2213.908,0.0
2214.908,0.0
2215.908,0.0
2216.908,0.0
2217.908,0.0
2218.908,0.0
2219.908,0.0
2220.908,0.0
2221.908,0.0
2222.908,0.0
2223.908,0.0
2224.908,0.0
2225.908,0.0
2226.908,0.0
2227.908,0.0
2228.908,0.0
2229.908,0.0
2230.908,0.0
2231.908,0.0
2232.908,0.0
2233.908,0.0
2234.908,0.0
2235.908,0.0
2236.908,0.0
2237.908,0.0
2238.908,0.0
2239.908,0.0
2240.908,0.0
2241.908,0.0
2242.908,0.0
2243.908,0.0
2244.908,0.0
2245.908,0.0
2246.908,0.0
2247.908,0.0
2248.908,0.0
2249.908,0.0
2250.908,0.0
2251.908,0.0
2252.908,0.0
2253.908,0.0
2254.908,0.0
2255.908,0.0
2256.908,0.0
2257.908,0.0
2258.908,0.0
2259.908,0.0
2260.908,0.0
2261.908,0.0
2262.908,0.0
2263.908,0.0
2264.908,0.0
2265.908,0.0
2266.908,0.0
2267.908,0.0
2268.908,0.0
2269.908,0.0
2270.908,0.0
2271.908,0.0
2272.908,0.0
2273.908,0.0
2274.908,0.0
2275.908,0.0
2276.908,0.0
2277.908,0.0
2278.908,0.0
2279.908,0.0
2280.908,0.0
2281.908,0.0
2282.908,0.0
2283.908,0.0
2284.908,0.0
2285.908,0.0
2286.908,0.0
2287.908,0.0
2288.908,0.0
2289.908,0.0
2290.908,0.0
2291.908,0.0
2292.908,0.0
2293.908,0.0
2294.908,0.0
2295.908,0.0
2296.908,0.0
2297.908,0.0
2298.908,0.0
2299.908,0.0
2300.908,0.0
2301.908,0.0
2302.908,0.0
2303.908,0.0
2304.908,0.0
2305.908,0.0
2306.908,0.0
2307.908,0.0
2308.908,0.0
2309.908,0.0
2310.908,0.0
2311.908,0.0
2312.908,0.0
2313.908,0.0
2314.908,0.0
2315.908,0.0
2316.908,0.0
2317.908,0.0
2318.908,0.0
2319.908,0.0
2320.908,0.0
2321.908,0.0
2322.908,0.0
2323.908,0.0
2324.908,0.0
2325.908,0.0
2326.908,0.0
2327.908,0.0
2328.908,0.0
2329.908,0.0
2330.908,0.0
2331.908,0.0
2332.908,0.0
2333.908,0.0
2334.908,0.0
2335.908,0.0
2336.908,0.0
2337.908,0.0
2338.908,0.0
2339.908,0.0
2340.908,0.0
2341.908,0.0
2342.908,0.0
2343.908,0.0
2344.908,0.0
2345.908,0.0
2346.908,0.0
2347.908,0.0
2348.908,0.0
2349.908,0.0
2350.908,0.0
2351.908,0.0
2352.908,0.0
2353.908,0.0
2354.908,0.0
2355.908,0.0
2356.908,0.0
2357.908,0.0
2358.908,0.0
2359.908,0.0
2360.908,0.0
2361.908,0.0
2362.908,0.0
2363.908,0.0
2364.908,0.0
2365.908,0.0
2366.908,0.0
2367.908,0.0
2368.908,0.0
2369.908,0.0
2370.908,0.0
2371.908,0.0
2372.908,0.0
2373.908,0.0
2374.908,0.0
2375.908,0.0
2376.908,0.0
2377.908,0.0
2378.908,0.0
2379.908,0.0
2380.908,0.0
2381.908,0.0
2382.908,0.0
2383.908,0.0
2384.908,0.0
2385.908,0.0
2386.908,0.0
2387.908,0.0
2388.908,0.0
2389.908,0.0
2390.908,0.0
2391.908,0.0
2392.908,0.0
2393.908,0.0
2394.908,0.0
2395.908,0.0
2396.908,0.0
2397.908,0.0
2398.908,0.0
2399.908,0.0
2400.908,0.0
2401.908,0.0
2402.908,0.0
2403.908,0.0
2404.908,0.0
2405.908,0.0
2406.908,0.0
2407.908,0.0
2408.908,0.0
2409.908,0.0
2410.908,0.0
2411.908,0.0
2412.908,0.0
2413.908,0.0
2414.908,0.0
2415.908,0.0
2416.908,0.0
2417.908,0.0
2418.908,0.0
2419.908,0.0
2420.908,0.0
2421.908,0.0
2422.908,0.0
2423.908,0.0
2424.908,0.0
2425.908,0.0
2426.908,0.0
2427.908,0.0
2428.908,0.0
2429.908,0.0
2430.908,0.0
2431.908,0.0
2432.908,0.0
2433.908,0.0
2434.908,0.0
2435.908,0.0
2436.908,0.0
2437.908,0.0
2438.908,0.0
2439.908,0.0
2440.908,0.0
2441.908,0.0
2442.908,0.0
2443.908,0.0
2444.908,0.0
2445.908,0.0
2446.908,0.0
2447.908,0.0
2448.908,0.0
2449.908,0.0
2450.908,0.0
2451.908,0.0
2452.908,0.0
2453.908,0.0
2454.908,0.0
2455.908,0.0
2456.908,0.0
2457.908,0.0
2458.908,0.0
2459.908,0.0
2460.908,0.0
2461.908,0.0
2462.908,0.0
2463.908,0.0
2464.908,0.0
2465.908,0.0
2466.908,0.0
2467.908,0.0
2468.908,0.0
2469.908,0.0
2470.908,0.0
2471.908,0.0
2472.908,0.0
2473.908,0.0
2474.908,0.0
2475.908,0.0
2476.908,0.0
2477.908,0.0
2478.908,0.0
2479.908,0.0
2480.908,0.0
2481.908,0.0
2482.908,0.0
2483.908,0.0
2484.908,0.0
2485.908,0.0
2486.908,0.0
2487.908,0.0
2488.908,0.0
2489.908,0.0
2490.908,0.0
2491.908,0.0
2492.908,0.0
2493.908,0.0
2494.908,0.0
2495.908,0.0
2496.908,0.0
2497.908,0.0
2498.908,0.0
2499.908,0.0
2500.908,0.0
2501.908,0.0
2502.908,0.0
2503.908,0.0
2504.908,0.0
2505.908,0.0
2506.908,0.0
2507.908,0.0
2508.908,0.0
2509.908,0.0
2510.908,0.0
2511.908,0.0
2512.908,0.0
2513.908,0.0
2514.908,0.0
2515.908,0.0
2516.908,0.0
2517.908,0.0
2518.908,0.0
2519.908,0.0
2520.908,0.0
2521.908,0.0
2522.908,0.0
2523.908,0.0
2524.908,0.0
2525.908,0.0
2526.908,0.0
